cntry_code,mso_name,mso_name_cn
HK,3 SING INTERNATIONAL LIMITED,三昇聯匯有限公司
HK,5D LEADING TECH LIMITED,無敵先進科技有限公司
HK,633 LIMITED,
HK,99BILL INTERNATIONAL FINANCIAL SERVICES COMPANY LIMITED,快錢國際金融服務有限公司
HK,A STAR ASIA COMPANY LIMITED,其星亞洲有限公司
HK,AB POINT LIMITED,匯點通有限公司
HK,ABLE LEADERS LIMITED TRADING AS DOR FORTUNE,聯駿匯有限公司 營業名稱 多福
HK,"ABUSALIH, ABDUL RASHEED TRADING AS REAL FOREX &#38; REMITTANCES",
HK,ACU MONEY CHANGER LIMITED,
HK,ADYEN HONG KONG LIMITED,
HK,AERAPAY LIMITED,
HK,AILINGUAL LIMITED,艾靈谷有限公司
HK,AIRWALLEX (HONG KONG) LIMITED,
HK,ALI EXCHANGE LIMITED,阿里找換有限公司
HK,ALL LINK PAY LIMITED TRADING AS ALL LINK PAY,匯騰支付有限公司 營業名稱 全網滙
HK,ALLCOM EXCHANGE (H.K.) LIMITED,
HK,ALLIANCE FOREX LIMITED,安心匯有限公司 營業名稱 安心匯兌換匯款
HK,ALLIED SMART CREATION LIMITED,滙駿創建有限公司
HK,ALLINPAY FINANCIAL SERVICES LIMITED,通華金融服務有限公司
HK,ALLPAY INTERNATIONAL LIMITED,
HK,ALOFT TECHNOLOGY COMPANY LIMITED,邏庫科技有限公司
HK,ALPCORP LIMITED,
HK,ALPHA OMEGA EMPLOYMENT LIMITED TRADING AS ALPHA OMEGA,愛庭僱傭有限公司
HK,ALPHA REMIT LIMITED,
HK,ANGRA HK LIMITED,
HK,ANSARI IDREES AHMED TRADING AS HKBEST EXCHANGE CO.,顏米高
HK,APG WORLDWIDE LIMITED,智匯通香港有限公司
HK,APIKKO HK LIMITED TRADING AS CHANDRA,
HK,APPLE SOUTH-EAST ASIA LIMITED,紅蘋果東南亞有限公司
HK,ARSHAD MAHMOOD TRADING AS ISLANDREMIT,艾卓文
HK,ARUBA TRANSFER (HK) LIMITED,
HK,ASIA ONE FOREIGN EXCHANGE AND REMITTANCE LIMITED,亞滙找換匯款有限公司
HK,ASIA TRANSPAY (HK) LIMITED,
HK,ASIA UNION FINANCIAL (HK) LIMITED,亞聯金融(香港)有限公司
HK,ASIABILL COMPANY LIMITED,
HK,ASPAC REMITTANCE LIMITED,
HK,AT SERVICES LIMITED,
HK,ATLANTIC PARTNERS ASIA PS LIMITED,
HK,AURELIA LIMITED,
HK,AZIMO HONG KONG LIMITED,
HK,BACCARAT HK TRADING LIMITED,百樂滙香港貿易有限公司
HK,BAI QIAN INTERNATIONAL LIMITED,佰錢國際有限公司
HK,BANCKA LIMITED,百家有限公司
HK,BCA FINANCE LIMITED,中亞財務有限公司
HK,BDO REMIT LIMITED,
HK,BEAUTIFUL WORLD LIMITED,樂有限公司
HK,BEEPAY LIMITED,
HK,BERKERLIN TECHNOLOGY COMPANY LIMITED,貝克林科技有限公司
HK,BERLIN COMPANY EXCHANGE LIMITED,百年找換有限公司
HK,BEST SUCCESS CORPORATION LIMITED TRADING AS METRO FOREIGN EXCHANGE,利成興業有限公司
HK,BEST SUN TRADING LIMITED,佳逸貿易有限公司
HK,BHF HONG KONG LIMITED,
HK,BINDO LABS LIMITED,
HK,BMC FOREX LIMITED,
HK,BNI REMITTANCE LIMITED,
HK,BO WUI TECHNOLOGY LIMITED TRADING AS BAO YING MONEY EXCHANGE,寶匯科技有限公司 營業名稱 寶盈找換
HK,BOKU NETWORK SERVICES HK LIMITED,
HK,BONG LEI YUNG TRADING AS BAN DUNG,黃麗容 營業名稱 萬隆
HK,BONG TET SEN TRADING AS AMIN REMITTANCE,王德星
HK,BPI REMITTANCE CENTRE (HK) LTD,
HK,BRDGEPAY (H.K) PRIVATE LIMITED,合眾私人有限公司
HK,BRI REMITTANCE COMPANY LIMITED TRADING AS BRI REMITTANCE,
HK,BRIDGEHARBOUR (HK) MANAGEMENT SERVICE COMPANY LIMITED,樂力(香港)管理服務有限公司
HK,"BROTHERS FOREIGN CURRENCY EXCHANGE CO., LIMITED",兄弟外幣兌換有限公司
HK,BT CAPITAL LIMITED TRADING AS BT EXCHANGE,寶通資本有限公司 營業名稱 寶通找換
HK,BTR EXCHANGE LIMITED,
HK,BUNG TJIU KIAN TRADING AS TOKO INDONESIA,翁秋娟 營業名稱 康記
HK,"CADANO, ARIEL DOROTEO TRADING AS EMK TRADING COMPANY",
HK,CALSONS REMITTANCE,
HK,CAMEL SUPPLY CHAIN MANAGEMENT (ASIA) LIMITED,駱駝供應鏈管理亞洲有限公司
HK,CAPITAL EXCHANGE LIMITED,
HK,CARDUP HK LIMITED,
HK,CASHMALLOW HONG KONG LIMITED,
HK,CASSON HONG MONEY EXCHANGE LIMITED TRADING AS HING YIP MONEY EXCHANGE COMPANY,加誠行找換有限公司 營業名稱 興業找換公司
HK,CENTRAL ASIA EXCHANGE LIMITED,
HK,CEO MONEY EXCHANGE LIMITED,環滙找換有限公司
HK,"CHAN CRISTINA TRADING AS HONG KONG DECHENG CO,",陳宣頤 營業名稱 香港德盛公司
HK,CHAN HEUNG LAM TRADING AS WAI HONG EXCHANGE,陳香琳 營業名稱 瑋航找換
HK,CHAN ING MOI TRADING AS WARUNG JATIM,陳映梅 營業名稱 亞熱帶食品公司
HK,CHAN KWAI MAN TRADING AS ELITE CURRENCY EXCHANGE,陳桂文 營業名稱 億利找換店
HK,CHAN KWUN KAU KAUMAN TRADING AS FU YU INVESTMENT MANAGEMENT CO,陳冠球 營業名稱 富譽投資管理公司
HK,CHAN MUN TONG TRADING AS GAM WO EXCHANGE,陳滿棠 營業名稱 金禾找換
HK,CHAN PIK YU TRADING AS MOST LUCKY COMPANY,陳碧如 營業名稱 展祥公司
HK,CHAN PING HUEN,陳炳煊 營業名稱 利豐肉食公司
HK,CHAN SIN CHEUNG TRADING AS ON SANG TRADING COMPANY,陳善璋 營業名稱 安生貿易公司
HK,CHAN SUET CHING TRADING AS TOKO GEMBIRA INDONESIA,陳雪清 營業名稱 金利拿印尼商店
HK,CHAN WAI CHUNG TRADING AS WAH WUI MONEY EXCHANGE CO.,陳偉聰 營業名稱 華匯人民幣找換行
HK,CHAN WAI PING TRADING AS NEW KAM YUEN RENMINBI EXCHANGE,陳惠萍 營業名稱 新金源人民幣找換店
HK,CHAN YIM TRADING AS FU HONG FOREIGN EXCHANGE CO,陳艷 營業名稱 富康找換公司
HK,CHAN ZI SHAN TRADING AS SOUTH EAST ASIA PRODUCT CO.,陳泗山
HK,CHAU YUEN YUEN,周圓園 營業名稱 億富人民幣找換行
HK,CHECKOUT LIMITED,
HK,CHEN CHUNHONG,陳春虹 營業名稱 滙通人民幣找換公司
HK,CHEN HONGMEI,陳紅美 營業名稱 联丰兌換店
HK,CHEN PUBA TRADING AS KWOK HING RENMINBE EXCHANGE SHOP,陳普八 營業名稱 國興人民幣找換行
HK,CHEN YAN TRADING AS TAT SHUN MONEY EXCHANGE,陳燕 營業名稱 達信找換店
HK,CHENG CHAK KAM TRADING AS KAM WUI RENMINBI EXCHANGE CO.,鄭澤金 營業名稱 金匯人民幣找換行
HK,CHENG CHAK LAM TRADING AS KINYING RENMINBI EXCHANGE CO.,鄭澤林 營業名稱 金英人民幣找換行
HK,CHENG LIZHEN TRADING AS ZHONG GANG CHENG MONEY EXCHANGE CO,成麗貞 營業名稱 中港成人民幣找換公司
HK,CHEUNG CHONG LIMITED TRADING AS CHEUNG CHONG MONEY EXCHANGE,祥莊有限公司 營業名稱 祥莊找換店
HK,CHEUNG HIN SING TRADING AS SMART EXCHANGE,張顯星 營業名稱 星滙找換
HK,CHEUNG MAN FU TRADING AS WUI HING LONG CO,張文富 營業名稱 滙興隆公司
HK,CHEUNG MIN BIU TRADING AS CONCENTRIC MONEY EXCHANGE,張棉標 營業名稱 同心找換店
HK,CHEUNG MING YUEN TRADING AS PROGRESS EXCHANGE COMPANY,張銘源 營業名稱 冠升找換行
HK,CHEUNG SIN YAN,張倩欣 營業名稱 華南找換店
HK,CHEUNG SUI LUN TRADING AS YUK WAH COMPANY,張瑞麟 營業名稱 昱華公司
HK,CHEUNG TIM HO,張添豪 營業名稱 東源東南亞市場
HK,CHEUNG TUNG YUNG TRADING AS KIM YUET MONEY EXCHANGE,張冬蓉 營業名稱 金悅找換店
HK,"CHINAPAY E-PAYMENT SERVICE (HONGKONG) CO., LIMITED",銀聯電子支付服務(香港)有限公司
HK,CHIU LAI HUNG,趙麗紅 營業名稱 長興匯款找換公司
HK,CHOI HING CHUNG TRADING AS WING FUNG MONEY EXCHANGE COMPANY,蔡慶忠 營業名稱 永丰找換公司
HK,CHOI MING YUNG TRADING AS KONG WUI EXCHANGE,蔡明蓉 營業名稱 港滙找換
HK,CHONG CHOK MUI TRADING AS KA WAN MONEY EXCHANGE SHOP,莊作梅 營業名稱 嘉運兌換店
HK,CHONG MAN CHI TRADING AS TAK SHING CURRENCY EXCHANGE,莊萬芝 營業名稱 德成找換店
HK,CHONG YIM,庄艷 營業名稱 航天人民幣找換匯款
HK,CHOW CHI WAH TRADING AS NGAN FUNG MONEY EXCHANGE COMPANY,周志華 營業名稱 銀豐找換公司
HK,CHOW SIU LING LOUISA TRADING AS HUIXIN EXCHANGE COMPANY,周少玲 營業名稱 匯信中港找換行
HK,CHU HARTONO TRADING AS TOKO GARUDA JAYA,朱偉宏
HK,CHU PARKSON CHEUK CHAU TRADING AS CHINA &#38; HK RENMINBI EXCHANGE COMPANY,朱卓洲 營業名稱 滙通中港人民幣找換行
HK,CHU WAI KIT TRADING AS TOKO MAWAR,朱偉傑 營業名稱 發成糧油雜貨
HK,CHU YONGWEI TRADING AS WINTONE EXCHANGE COMPANY,褚永煒 營業名稱 永通找換公司
HK,CHUCKING INVESTMENTS LIMITED,超記匯財有限公司
HK,CHUN ONE TRADING LIMITED TRADING AS DOR FORTUNE EXCHANGE,俊一貿易有限公司 營業名稱 多福兌換
HK,CHUN YICK FINANCE LIMITED,駿億金融有限公司
HK,CHUNG FAT REMINBI EXCHANGE CO.,中發人民幣找換店
HK,CHUNG HAI EXCHANGE LIMITED,中海找換有限公司
HK,CHUNG SHUN (HONG KONG) FOREIGN EXCHANGE LIMITED,中信(香港)外幣找換有限公司
HK,CHUNG SHUN EXCHANGE COMPANY LIMITED,中信找換有限公司
HK,CITI EXPRESS PAYMENT (HK) LIMITED,
HK,CITY FOREIGN EXCHANGE LIMITED,
HK,CITY WIN INTERNATIONAL TRADE LIMITED,港成國際貿易有限公司
HK,CNHK RICH LIMITED,中港合盛有限公司 營業名稱 囍滙找換
HK,CNPAY GLOBAL COMPANY LIMITED,
HK,COM PO MONEY EXCHANGE COMPANY LIMITED,金寶找換有限公司
HK,COMMERCIAL SERVICES LIMITED,商業策略有限公司
HK,CRAZY BIRD (HK) LIMITED,飛鳥外幣找換店有限公司
HK,CREDORAX HONG KONG LIMITED,
HK,CROSSTON FOR INTERNATIONAL LIMITED,跨世通網路科技有限公司
HK,"CTRIP FINANCIAL INFORMATION (HONG KONG) CO., LIMITED",攜程金融信息(香港)有限公司
HK,CURFEX (HK) LIMITED,
HK,CURRENCYFAIR LIMITED,
HK,CURRENXIE LIMITED,
HK,CZARINA REMITTANCE COMPANY LIMITED,
HK,DAHSHING MONEY EXCHANGE LIMITED,大成找換有限公司
HK,DAI TONG EXCHANGE LIMITED TRADING AS DAI FUNG REMIT EXCHANGE,大通匯款找換有限公司 營業名稱 大豐匯款找換
HK,DAILY WELL CORPORATION LIMITED,佳日興業有限公司
HK,DAMRICH EXCHANGE LIMITED,
HK,DARUMA LIMITED TRADING AS DONKIFX,達摩有限公司 營業名稱 激安の両替
HK,DE JESUS LEONARD SABA TRADING AS H&#38;L,
HK,DELTA ASIA CAPITAL LIMITED,滙業財富有限公司
HK,DENG MEI QIONG TRADING AS GONG SING FOREIGN EXCHANGE CO.,鄧梅琼 營業名稱 港陞外幣找換行
HK,DES MONEY SERVICE LIMITED,焯然金錢服務有限公司
HK,DESTINATION CURRENCY CONVERSION (HK) LIMITED,目的地貨幣兌換(香港)有限公司
HK,DIGITAL FOREX LIMITED,
HK,DIGITAL PAY SOLUTIONS LIMITED,數碼支付有限公司
HK,DJAP SIU CHIN TRADING AS JKM CHRISTY SHOP,葉少菁
HK,DOLLARSMART GLOBAL PTE. LTD. TRADING AS HKDSMART,
HK,DPK REMITTANCE LIMITED,
HK,DUNHUANG HOLDINGS LIMITED,
HK,E-ECONOMY INTERNATIONAL LIMITED,滙創集團控股有限公司
HK,E88 LIMITED TRADING AS E88 MONEY EXCHANGE,E88 找換店
HK,EARTHREMIT LIMITED TRADING AS EARTHREMIT,環球盛匯有限公司 營業名稱 環球盛匯
HK,EAST SENSE INVESTMENTS LIMITED TRADING AS CHINA BILLION RMB REMITTANCE COMPANY,英昇投資有限公司 營業名稱 中匯人民幣匯款公司
HK,EASTERN UNION INTERNATIONAL LIMITED,東聯國際股份有限公司
HK,EASTERN WIRES (HK) LIMITED,
HK,"EASY PAY INTERNATIONAL INVESTMENT CO., LIMITED",易貝國際投資有限公司
HK,EASYEURO FINANCIAL SERVICES LIMITED,易歐金融服務有限公司
HK,"EASYLINK PAYMENT NETWORK (HONGKONG) COMPANY, LIMITED",好易聯支付網絡(香港)有限公司
HK,EASYPASSCORP LIMITED TRADING AS CHINA &#38; HK RENMINBI EXCHANGE,匯通企業有限公司 營業名稱 匯通中港人民幣找換行
HK,EBURY PARTNERS HONG KONG LIMITED,
HK,ECOM CENTER LIMITED,
HK,ELINK COMMERCE COMPANY LIMITED,壹滙智商務有限公司
HK,ELITE BRIGHT LIMITED,東光有限公司
HK,EMQ LIMITED,
HK,ENETT INTERNATIONAL (SINGAPORE) PTE. LTD.,
HK,EPAY LIMITED,易派有限公司
HK,ETERNAL PROCEEDS LIMITED,恒永利有限公司
HK,EU SE LOI TRADING AS STAR MARKET INDONESIA,歐細萊 營業名稱 富萊印尼店
HK,EVER TOPRICH LIMITED TRADING AS EVER TOPRICH MONEY EXCHANGE COMPANY,永裕達有限公司 營業名稱 永裕達找換公司
HK,EVERPRO HOLDINGS LIMITED,永尚集團有限公司
HK,EVERWEALTH EXCHANGE COMPANY LIMITED,恒昌兌換有限公司
HK,EVERWIN REMITTANCE AND EXCHANGE CO LIMITED,恆信匯兌有限公司
HK,EVERY SUCCESS INTERNATIONAL COMPANY LIMITED TRADING AS FS GLOBAL CURRENCY EXCHANGE AND REMITTANCE,百成找換有限公司 營業名稱 福誠找換匯款
HK,EVONET GLOBAL CORPORATION LIMITED,
HK,EXCELLENCE (CHINA) TRADING LIMITED,卓越(中國)貿易有限公司
HK,EXCELLENCE FULL LIMITED,優全有限公司
HK,EXCHANGE EXPRESS LIMITED,滙通找換有限公司
HK,EXCHANGERS HK LIMITED TRADING AS EXCHANGERS,
HK,EXPRESS EXCHANGE (HK) LIMITED TRADING AS EXPRESSEX,捷匯找換(香港)有限公司 營業名稱 捷匯外幣兌換
HK,EXPRESS EXCHANGE COMPANY LIMITED TRADING AS EXPRESS EXCHANGE,捷匯找換有限公司 營業名稱 捷匯找換
HK,EXPRO LIMITED,極博有限公司
HK,FANG SI QI IVAN TRADING AS HING WAH CURRENCY EXCHANGE CO,方思淇 營業名稱 興華找換公司
HK,FAR EAST MONEY EXCHANGE LIMITED,遠東找換有限公司
HK,FAST ACCESS CORPORATION LIMITED TRADING AS SURYA JAYA EXPRESS,快通有限公司
HK,"FINANCIAL INVESTMENT (HK) CO., LIMITED",財源投資(香港)有限公司
HK,FINANCIAL QUOTIENT SERVICES LIMITED,
HK,FIRST INTERNATIONAL RESOURCES LIMITED,第一國際資源有限公司
HK,FIRST SYSTEM (CHINA) TRADING LIMITED,中匯誠貿易有限公司
HK,FLEXAGON LIMITED,萬利宮有限公司
HK,"FOCUS GLOBAL SOURCING SERVICES CO., LIMITED",焦點環球採購服務有限公司
HK,FOND LIMITED TRADING AS FOND EXCHANGE,福安環球有限公司 營業名稱 福安找換
HK,FONG PUI CHUNG TRADING AS HING WAH COINS,方培聰 營業名稱 興華錢幣
HK,FOREVER CURRENCY EXCHANGE LIMITED,永信外幣找換有限公司
HK,FOREVER MORE COMPANY,永新公司
HK,FORTUNE HK MONEY EXCHANGE LIMITED,幸匯找換有限公司
HK,FU CHUEN SAU TRADING AS GOOD LUCK REMINBI EXCHANGE,符傳壽 營業名稱 好運人民幣找換店
HK,FU ON GROUP HOLDINGS CO LIMITED TRADING AS KWOK HING RMB EXCHANGE CO.,富安集團控股有限公司 營業名稱 國興人民幣找換行
HK,FU WENHUA TRADING AS TAT TUNG MONEY EXCHANGE CO.,付文化 營業名稱 達通找換店
HK,FUNG KA MAN TRADING AS RITA SHOP,馮家文
HK,FUNG KWUN KUEN TRADING AS BEST WAY,馮冠權 營業名稱 榮信貿易公司
HK,FUNG SHU KIT TRADING AS QUICKCINDA MONEY EXCHANGE,馮樹杰 營業名稱 速信達人民幣找換
HK,FUNG TAK MONEYTT LIMITED,豐達特快匯款有限公司
HK,FUTURE FINTECH INTERNATIONAL COMPANY LIMITED,
HK,"FUYAU INVESTMENT MANAGEMENT (HONG KONG) CO., LIMITED",富佑投資管理(香港)有限公司
HK,G2A.COM LIMITED,
HK,GAIN GOLD ASIA LIMITED,盈金亞洲有限公司
HK,GALAXY NETWORK LIMITED,
HK,GCC EXCHANGE PRIVATE LIMITED,
HK,GEA LIMITED,
HK,GEOSWIFT PAYMENT TECHNOLOGY LIMITED,匯元通支付科技有限公司
HK,GEOSWIFT SOLUTION LIMITED,匯元通金融服務有限公司
HK,GET PAID HK LIMITED,
HK,GLOBAL E-PAYMENT LIMITED,
HK,GLOBAL EXCHANGE HONG KONG LIMITED,
HK,GLOBAL PAYMENT E-COMMERCE LIMITED,環球通匯電子商務有限公司
HK,"GLOBAL WEALTH TRADING CO., LIMITED TRADING AS GLOBAL WEALTH EXCHANGE",環盛貿易有限公司 營業名稱 環盛找換
HK,GLOBAL WISE PAYMENT LIMITED,智財滙支付有限公司
HK,GLOBAL WISE SOLUTIONS LIMITED,
HK,GLOBAL-HK SOLUTIONS LIMITED,環聯支付有限公司
HK,GLOBE ACCESS LIMITED,全球通有限公司
HK,GLOBENET DROID LIMITED,
HK,GLOCASH PAYMENT HK LIMITED,
HK,GLOFORTUNE COMPANY LIMITED,智富恒通有限公司
HK,GME LIMITED,惠捷找換有限公司
HK,GO EXCHANGE LIMITED,去唱錢有限公司
HK,GOGOTRANX HONG KONG LIMITED,酷轉香港有限公司
HK,GOLD ACCESS HK LIMITED,
HK,GOLD TOWN INVESTMENT LIMITED TRADING AS GOLD TOWN MONEY CHANGE,金塘匯投資有限公司 營業名稱 金塘匯找換店
HK,"GOLDEN CREDIT INVESTMENT DEVELOPMENT (HK) CO., LIMITED",金信投資發展(香港)有限公司
HK,GOLDEN TRIPOD UNITED INTERNATIONAL COMPANY LIMITED,金鼎匯國際有限公司
HK,GOOD DEVELOPMENT LIMITED TRADING AS TOKO BANG YAU,佳廣發展有限公司
HK,GOOD MEGA INVESTMENT LIMITED,佳佰投資有限公司 營業名稱 裕豐人民幣找換匯款
HK,GOOD YIELD DEVELOPMENT LIMITED,益廣發展有限公司
HK,GOTAI HOLDINGS LIMITED,國泰找換錢有限公司
HK,GPL REMITTANCE HONG KONG LIMITED,
HK,GRAND COME LIMITED,廣臨有限公司
HK,GRANDEUR RMS LIMITED,國睿匯通有限公司
HK,GRANDRAY INTERNATIONAL LIMITED,鈞輝國際有限公司
HK,GREAT HONESTLY INTERNATIONAL INVESTMENT LIMITED TRADING AS GREAT LOYALTY MONEY EXCHANGE,寶誠國際投資有限公司 營業名稱 寶誠貨幣找換
HK,GREAT WALL MONEY EXCHANGE LIMITED,長城兌換有限公司
HK,GREATER BAY AREA EXCHANGE COMPANY LIMITED,大灣區兌匯有限公司
HK,GSI GLOBAL INVESTMENT &#38; REMITTANCE LIMITED,翹沃環球投資及承兌 (匯款) 有限公司
HK,GUAN YAN FEN,關艷芬 營業名稱 頌富找換店
HK,GUILLAR JOEL BARRET TRADING AS FILIPINO TREASURES STORE COMPANY,
HK,GUO SHAO LAN,郭少蘭 營業名稱 金興人民幣找換公司
HK,HAC REMIT LIMITED,
HK,HADSUND INTERNATIONAL TECHNOLOGY LIMITED,恆新國際科技有限公司
HK,HAI CLOUD EXCHANGE (HK) LIMITED,海雲匯(香港)有限公司
HK,HALLOW KING LIMITED TRADING AS CHUNG TONG MONEY EXCHANGE,中通有限公司 營業名稱 中通兌換
HK,HANG FUNG MONEY EXCHANGE COMPANY LIMITED,恒豐外幣滙款有限公司
HK,HANG SHUN MONEY EXCHANGE LIMITED,恆信找換店有限公司
HK,HARBOUR AND HILLS FINANCIAL SERVICES LIMITED,港山金融服務有限公司
HK,HARVEST SHARP LIMITED,盛焯有限公司
HK,HASHKEY FINANCE LIMITED,
HK,HATARI EXPRESS HOLDINGS LIMITED TRADING AS HATARI EXPRESS,
HK,HAU KIN,侯健 營業名稱 兆億外幣兑換
HK,"HENGFENGDA TECHNOLOGY CO.,LIMITED",恒豐達科技有限公司
HK,HENI-INDRAWATI TRADING AS WARUNG DAMPIT,恒美東南亞食品
HK,HK HENGYUAN LIMITED,香港恒遠有限公司
HK,HK PT DEVELOPMENT HOLDING LIMITED TRADING AS PO TUNG HANG,香港寶通發展控股有限公司 營業名稱 寶通行
HK,HKPINOY GLOBAL LIMITED,
HK,HKWEALTH CAPITAL LIMITED,港富資本有限公司
HK,HO CHAK MING TRADING AS CHUNG NGAN WUI REMINBI EXCHANGE CO.,何澤明 營業名稱 中銀滙人民幣找換行
HK,HO FAI LAN,何輝蘭 營業名稱 興源
HK,HO MAN YI TRADING AS FLOURISHING INTERNATIONAL DEVELOPMENT CO.,何文義 營業名稱 豐盛國際發展公司
HK,HO MING SHING TRADING AS CLOUDPOINT EXCHANGE,何銘誠 營業名稱 雲邦找換店
HK,HO YAN LOK TRADING AS SUN SHING MONEY EXCHANGE,何昕諾 營業名稱 新城找換店
HK,HOI WANG INVESTMENT TRADING LIMITED TRADING AS CHUNG YING REMINBI EXCHANGE CO.,凱宏投資貿易有限公司 營業名稱 中英人民幣找換行
HK,HON OI HING TRADING AS KAM WAN LOI ( RENMINBI EXCHANGE ),韓愛卿 營業名稱 金運來人民幣找換行
HK,HON OI MUI TRADING AS KAM WAN LOI REMINBI EXCHANGE,韓愛梅 營業名稱 金運來人民幣找換行
HK,HONESTY INVESTMENT LIMITED TRADING AS HONESTY MONEY EXCHANGE GROUP,誠譽投資管理有限公司 營業名稱 誠譽外匯兌換集團
HK,HONG KONG ACCESS FOREIGN EXCHANGE LIMITED,匯港通外幣找換有限公司
HK,HONG KONG CROSS-BORDER FOREIGN EXCHANGE TECHNOLOGY LIMITED,香港跨境外幣兌換科技有限公司
HK,HONG KONG EXCHANGE,
HK,HONG KONG FOREX LIMITED,
HK,HONG KONG MOBILE PAYMENT SERVICE COMPANY LIMITED,香港移動支付服務有限公司
HK,HONG KONG MONEY EXCHANGE LIMITED,信 亨(找 換)有 限 公 司
HK,HONGKONG CROWN EXCHANGE LIMITED,
HK,HONGKONG FORTUNETECH LIMITED,香港容融科技有限公司
HK,"HONGKONG FORWELL NETWORK TECHNOLOGY CO., LIMITED",香港富匯網絡科技有限公司
HK,HONGKONG IRAY TECHNOLOGY COMPANY LIMITED,香港艾瑞科技有限公司
HK,HONGKONG RUNDING INDUSTRY DEVELOPMENT GROUP LIMITED,香港潤鼎實業發展集團有限公司
HK,HOO JACKSON TRADING AS SHING KEE SOUTH EAST ASIA FOOD,何德成 營業名稱 成記東南亞食品
HK,"HSD INVESTMENT MANAGEMENT (HK) CO., LIMITED",興盛達投資管理(香港)有限公司
HK,HUGE LUCK APAC LIMITED TRADING AS HANG TONG MONEY EXCHANGE,鴻利亞太有限公司 營業名稱 亨通兌換
HK,HUI SAU WAN TRADING AS FUK WO FOREIGN EXCHANGE CO.,許秀雲 營業名稱 福和找換店
HK,HUI&#39;S BROTHERS CURRENCY EXCHANGE GROUP HOLDINGS LIMITED TRADING AS HUI&#39;S BROTHERS EXCHANGE AND REMITTANCE COMPANY,許氏兄弟找換集團控股有限公司 營業名稱 許氏兄弟找換匯款公司
HK,HUITONG TRADING (HONG KONG) LIMITED TRADING AS HUITONG MONEY EXCHANGE,滙通貿易(香港)有限公司 營業名稱 匯通找換
HK,HUNG KAI LING TRADING AS HING YIP MONEY EXCHANGE COMPANY,熊啟寧 營業名稱 興業外幣找換公司
HK,IC-EX LIMITED TRADING AS IC MONEY EXCHANGE,工商企業有限公司 營業名稱 工商找換匯款專門店
HK,ICE COMMERCIAL SERVICE HONG KONG PTY. LIMITED,艾西益商務服務(香港)有限公司
HK,IE TJIE SIAN TRADING AS TOKO SINTA,易菊璇 營業名稱 先達東南亞食品
HK,IFLARE HONG KONG LIMITED,
HK,INPAYMENTS LIMITED,
HK,INTERNATIONAL MARKETING GROUP (HONG KONG) LIMITED,
HK,INTERNATIONAL REPUTATION LIMITED,國際進譽有限公司
HK,INTERPAYMENT GROUP LIMITED,
HK,INWARD RISE INTERNATIONAL LIMITED,雋昇國際有限公司
HK,IP WAI FAN TRADING AS FAMOUS EXCHANGE,葉慧芬
HK,IP WAI HONG TRADING AS SUMBER REJEKI,葉惠康
HK,IPAYLINKS LIMITED,香港人人匯科技有限公司
HK,IU CHI NING TRADING AS CHUNG SHING MONEY EXCHANGE HONG,姚志寧 營業名稱 中盛人民幣找換行
HK,JAGOLINK LIMITED,杰滙有限公司
HK,JALANDONI MARIA RODELA L. TRADING AS MONEY GATEWAY,
HK,JARGON ASIA LIMITED,
HK,JC LIVING COMPANY LIMITED TRADING AS JC LIVING EXPRESS,智誠生活有限公司 營業名稱 智誠生活聯匯
HK,JD FINTECH INSIGHT (HONG KONG) LIMITED,京東金控茵賽(香港)有限公司
HK,"JD INVESTMENT (HK) CO., LIMITED",昭德投資(香港)有限公司
HK,JEM LEI DAT CO,鑫利達公司
HK,JERMICE ELENA C. TRADING AS JERMICE TRADING,
HK,JET PROFIT EXCHANGE LIMITED,快盈匯通找換有限公司
HK,JI XIANG EXCHANGE REMITTANCE LIMITED,吉祥找換匯款有限公司
HK,JILLION GROUP INTERNATIONAL TRADING LIMITED TRADING AS JILLION FOREX,億豐集團貿易有限公司 營業名稱 億豐找換
HK,JOINT PROFIT INC LIMITED,駿利行有限公司
HK,JOYFUL BILLION LIMITED,
HK,KA HING MONEY EXCHANGE COMPANY LIMITED,加興找換有限公司
HK,KA SHUN LIMITED,嘉順找換有限公司
HK,KA YING RMB EXCHANGE CO.,嘉盈人民幣找換店
HK,KAM FUNG (SINO) MONEY EXCHANGE LIMITED,金豐兌換(中港)有限公司
HK,KAM SO KAM,金素琴 營業名稱 香香人民幣兌換店
HK,KAS GROUP LIMITED,嘉盛集團有限公司
HK,KAYARAYA LIMITED,豐家有限公司
HK,KENNEDY TERENCE ALBERT TRADING AS CHUEN SHING FOREIGN EXCHANGE REMITTANCE CO,艾文倫 營業名稱 中盛外幣找換滙款公司
HK,KEY POWER INTERNATIONAL INVESTMENT LIMITED TRADING AS FUNG KEE FOREIGN EXCHANGE,啟能國際投資有限公司 營業名稱 豐記找換店
HK,KEYBASE GLOBAL (HK) LIMITED TRADING AS AP MART,
HK,KHAN WAQAS TRADING AS FRIENDLY REMITTANCE COMPANY,簡萬福
HK,KIN SHING GROUP LIMITED,金盛兌換匯款
HK,KIN SHING MONEY EXCHANGE CO LTD,堅成找換有限公司
HK,"KING BUSINESS MANAGEMENT CO., LIMITED",建盛業管理有限公司
HK,KING ON INTERNATIONAL TRADING LIMITED TRADING AS CHINA &#38; HK RENMINBI EXCHANGE,健安國際貿易有限公司 營業名稱 滙通中港人民幣找換行
HK,KINGDOM HARVEST INC LIMITED TRADING AS WEMIT,御禾有限公司
HK,KME REMITTANCE LIMITED,
HK,KO CHI CHUEN TRADING AS TEIN SHUN EXCHANGE,高志全 營業名稱 天信人民幣找換行
HK,KONG CITY RMB EXCHANGE LIMITED,港城人民幣找換有限公司
HK,KONG FUNG CENTURY LIMITED TRADING AS HENG ON EXCHANGE,港豐世紀有限公司 營業名稱 恒安找換
HK,KONG FUNG RMB (FOREIGN) EXCHANGE LIMITED TRADING AS GLORY SILVER EXCHANGE,港豐人民幣(外幣)找換有限公司 營業名稱 富銀找換
HK,KONG FUNG RMB EXCHANGE REMITTANCE LIMITED TRADING AS XIN BAO EXCHANGE REMIT,港豐人民幣找換匯款有限公司 營業名稱 信保找換匯款
HK,KONG FUNG TRADE LIMITED TRADING AS DAI SHUN EXCHANGE,港豐商貿有限公司 營業名稱 大順找換
HK,KONG FUNG TRADING HOLDINGS LIMITED TRADING AS GLORY SILVER EXCHANGE REMIT,港豐貿易控股有限公司 營業名稱 富銀找換匯款
HK,KONG HING HOLDING LIMITED,港興控股有限公司 營業名稱 港興
HK,"KONG TUNG TRADE INTERNATIONAL CO., LIMITED TRADING AS BULLION EXPRESS EXCHANGE",港通貿易國際有限公司 營業名稱 銀通找換
HK,KOO WING PO TRADING AS WAH HING MONEY EXCHANGE,顧詠寶 營業名稱 華興找換匯款
HK,KS ASIA HOLDINGS LIMITED,金盛亞洲控股有限公司
HK,"KSHER (HONG KONG) CO., LIMITED",
HK,KUAISHOU (HONGKONG) INFORMATION TECHNOLOGY LIMITED,快收 (香港) 信息技術有限公司
HK,KUAN INC LIMITED,快款科技有限公司
HK,KUSNUL-KOTIMAH TRADING AS TOKO ASIA STATION,亞洲站
HK,KVB TRADING (HONG KONG) LIMITED,昆侖國際貿易(香港)有限公司
HK,KWAN HUI (ASIA) CO. LIMITED,鈞匯(亞洲)有限公司
HK,KWOK HAK MUI TRADING AS COM PO REMINBI EXCHANGE,郭克妹 營業名稱 金宝人民幣找換店
HK,KWOK HING EXCHANGE AND REMITTANCE CO LIMITED,國興找換匯款有限公司
HK,KWOK HING INVESTMENT MANAGEMENT LIMITED TRADING AS KWOK HING RMB EXCHANGE SHOP,國興投資管理有限公司 營業名稱 國興人民幣找換行
HK,KWOK HOI YIN TRADING AS TOKO INDONESIA A MEI,郭海燕 營業名稱 美美印尼土產店
HK,KWOK KANG YEE TRADING AS PO YUEN FOREIGN EXCHANGE,郭鏡義 營業名稱 寶源外幣找換店
HK,KWOK MAN MAN TRADING AS TT CITY MONEY EXCHANGE,郭敏敏 營業名稱 匯城人民幣找換店
HK,KWOK SAU YING TRADING AS FU SHUN INT&#39;L DEVELOPMENT CO,郭秀英 營業名稱 富信國際發展公司
HK,KWOK WUI GROUP LIMITED,國匯集團 (中國) 有限公司
HK,KWOK YIM CHING TRADING AS INDONESIA FOOD RETAIL,郭艷青 營業名稱 南洋食品
HK,LAI HO NGAN TRADING AS TOKO INDONESIA SINAR BARU,黎浩銀 營業名稱 新光亞洲美食店
HK,LAI YUN HO TRADING AS CHUNG KONG REMINBI &#38; FOREIGN MONEY EXCHANGE CO.,賴潤浩 營業名稱 中港人民幣外幣找換
HK,"LAKALA INTERNATIONAL CO., LIMITED",拉卡拉國際有限公司
HK,LAM CHUN CHOI,林進財 營業名稱 順興人民幣找換店
HK,LAM KA LOK TRADING AS CHK EXCHANGE,林嘉樂 營業名稱 中港兑換
HK,LAM KAM DAI TRADING AS KAM YUEN R.M.B. MONEY EXCHANGE,林錦地 營業名稱 鑫源人民幣找換店
HK,LAM KING TRADING AS PRINCE ORGANIZATION PROMOTE CONSULTANT CO.,林競 營業名稱 太子企業推廣顧問公司
HK,LAM LEE LOI TRADING AS G-THREE CONSULTANTS COMPANY,林利來 營業名稱 哲生顧問公司
HK,LAM YING LUNG TRADING AS KA WAH FOREIGN CURRENCY EXCHANGE COMPANY,林映龍 營業名稱 嘉華外幣兌換公司
HK,LAM YING TONG TRADING AS HAPPING CHANGE,林映彤 營業名稱 開心找換店
HK,LAM YU HANG,林宇恒 營業名稱 新盛泉東南亞食品
HK,LAM&#39;S BROTHER FOREIGN EXCHANGE LIMITED,林氏兄弟外幣兌換有限公司
HK,LANDMARK COMMERCE (HK) LIMITED,匯恒訊飛有限公司
HK,LAU CHIN YAU,劉展休 營業名稱 億豐人民幣找換行
HK,LAU CHING CHE TRADING AS FULTON CO,劉清池 營業名稱 富東公司
HK,LAU KWOK WAH,劉國華 營業名稱 興華公司
HK,LAU SAU MEI TRADING AS CHOW HING HO RMB MONEY EXCHANGE,劉秀美 營業名稱 周興號人民幣找換店
HK,LAU SIU YUEN TRADING AS TOKO INDONESIA KIM FONG,劉小元 營業名稱 錦丰東南亞食品店
HK,LAW PING CHIU,羅炳潮 營業名稱 恒豐人民幣找換行
HK,LBC MABUHAY HONG KONG LIMITED,
HK,LEE NG TRADING AS TOKO EMPAT,李五
HK,LEE NG TRADING AS TOKO LIMA,李五
HK,LEE WAI CHI CAROL TRADING AS SAYA MART COMPANY,李惠芝
HK,LEE WING SANG TRADING AS LI AN SHENG DA REMMINBI EXCHANGE,李榮生 營業名稱 連勝達人民幣找換行
HK,LEGENDARY TRADING LIMITED TRADING AS GOLDEN TREND COMPANY,廣澤貿易有限公司 營業名稱 金港匯公司
HK,LEI TAT GLOBAL (HK) LIMITED,利達環球（香港）有限公司 營業名稱 利達找換店
HK,LEUNG KWAI FAN,梁桂芬 營業名稱 志興人民幣找換行
HK,LEUNG MAN KIT TRADING AS SHING SHUN HONG EXCHANGE &#38; REMITTANCE COMPANY,梁文傑 營業名稱 誠信行人民幣找換店
HK,LEUNG NGA SZE TRADING AS CHUNG CHEE RENMINBI EXCHANGE AND REMITTANCE COMPANY,梁雅詩 營業名稱 中資人民幣找換匯款公司
HK,LEUNG WAI CHUN TRADING AS BIRDY EXCHANGE,梁維津
HK,LI CHI LOK,李梓樂 營業名稱 東升食品
HK,LI CHU,李初 營業名稱 中盛找換行
HK,LI CHUN NING TRADING AS MING FAI TELECOM,李俊寧 營業名稱 明輝電訊
HK,LI HUAQIN TRADING AS INDONESIA MAKANAN PASAR,李華琴 營業名稱 日日好印尼食品市場
HK,LI LAI FAN TRADING AS EMPEROR EXCHANGE SHOP,李麗芬 營業名稱 英皇找換店
HK,"LI MUK HING MIKE TRADING AS LI, SHIU &#38; CO",李木興
HK,LI YANGHENG,李揚恒 營業名稱 鵬偉找換店
HK,LIAN HUI DEVELOPMENT LIMITED TRADING AS LIAN HUI MONEY EXCHANGE,聯匯實業發展有限公司 營業名稱 聯滙找換
HK,LIANG HAU LING TRADING AS MURNI TOKO INDONESIA,梁巧玲 營業名稱 萬利印尼土產食品商店
HK,LIANG YEKAI TRADING AS TIANMA RMB EXCHANGE CO.,梁業凱 營業名稱 天馬人民幣找換行
HK,LIANLIAN INTERNATIONAL COMPANY LIMITED,連連國際支付有限公司
HK,LIE SIU CHUEN TRADING AS ASIA FOOD,李霄泉
HK,LILI HENNY TRADING AS WARUNG GAUL,李甜甜
HK,LIN HUI ZHI TRADING AS CHOW KEE MONEY EXCHANGE CO.,林惠枝 營業名稱 周記人民幣找換公司
HK,LING&#39;S LIMITED,齡氏有限公司
HK,LINK PASS GLOBAL LIMITED,節節通環球有限公司
HK,LINKLOGIS INTERNATIONAL COMPANY LIMITED,
HK,LITE PAY COMPANY LIMITED,利達支付有限公司
HK,LIU CHI MING,廖智明 營業名稱 元朗找換行
HK,LIU SHUN CHING TRADING AS TOKO INDONESIA MURAH,廖順正 營業名稱 永順東南亞食品
HK,LIU WAI NEI TRADING AS TOKO SANG HING LUNG INDO,廖偉彌 營業名稱 生興隆
HK,LIU YUK CHU TRADING AS YIP HING RMB EXCHANGE SHOP,廖玉珠 營業名稱 葉興人民幣找換行
HK,LO CHEUK TSUN TRADING AS CHUNG WO FOREIGN EXCHANGE CO,勞卓進 營業名稱 中和找換店
HK,LO HO YIN DANIEL TRADING AS TOKO INDONESIA ANA,盧浩賢
HK,LO LAU PING TRADING AS KAM WA MONEY EXCHANGE COMPANY,盧柳平 營業名稱 錦華人民幣(外幣)找換店
HK,LOYAL CO,永恒公司
HK,LUCKY MONEY EXCHANGE LIMITED,幸運來找換有限公司
HK,LUCKY PESO INTERNATIONAL FINANCE (HK) LIMITED,
HK,LUCKY STAR MANAGEMENT LIMITED,褔星管理有限公司
HK,LUFTHANSA AIRPLUS SERVICEKARTEN GESELLSCHAFT MIT BESCHRANKTER HAFTUNG TRADING AS AIRPLUS INTERNATIONAL,
HK,LUI CHI WAI TRADING AS WING LUNG REMINBI EXCHANGE CO.,呂志偉 營業名稱 永隆人民幣找換行
HK,LUI HIU SHAN TRADING AS COME COME SOUTHEAST ASIAN FOOD STORES,呂曉珊 營業名稱 來來東南亞食品
HK,LUK YI PUI,陸怡貝 營業名稱 俊昇人民幣找換店
HK,LULU FINANCIAL SERVICES (HONG KONG) LIMITED TRADING AS LULU MONEY,
HK,LUNG SING INVESTMENT INTERNATIONAL LIMITED TRADING AS YAU SING MONEY EXCHANGE COMPANY,隆盛投資國際有限公司 營業名稱 優盛找換匯款公司
HK,LUNG TENG HUI LIMITED,隆騰薈有限公司 營業名稱 Q找換店
HK,LUO CIHUI,羅慈惠 營業名稱 順達找換行
HK,MA MEI WA TRADING AS TOKO NO1 INDONESIA,馬美華 營業名稱 第一印尼
HK,MA TAK SHING RAYMOND TRADING AS INDO JAYA COMPANY,馬德誠
HK,MA XIUJUAN TRADING AS HONG KONG HUIKE CO.,马秀娟 營業名稱 香港滙客公司
HK,MAK PUI YING,麥佩英 營業名稱 英記找換店
HK,MAN CHEUK YIU TRADING AS SHING WUI RENMINBI EXCHANGE CO,文婥銚 營業名稱 誠滙人民幣找換店
HK,MAY CHOW RMB MONEY EXCHANGE CO,美洲人民幣找換公司
HK,MBG TRADING AND MONEY EXCHANGE LIMITED TRADING AS MBG COMPANY HONGKONG,
HK,MEGA TEAM TECHNOLOGY LIMITED,百盟科技有限公司
HK,MEI SHING EXCHANGE LIMITED,美誠找換有限公司
HK,MERCHANTS CENTURY LIMITED,招商世紀有限公司
HK,MERCURY ASIA LIMITED,
HK,MERRY WIND LIMITED TRADING AS CHUNG YING REMINBI EXCHANGE CO.,天風順有限公司 營業名稱 中英人民幣找換行
HK,METRO REMITTANCE (HONG KONG) LIMITED TRADING AS METROREMIT,大都匯款(香港)有限公司
HK,MG FOREIGN EXCHANGE LIMITED,萬兆豐國際匯業有限公司
HK,MI CHUNHUA TRADING AS FATHER TONE COMPANY,米春華 營業名稱 發達通公司
HK,MIG WORLDLINK EXPRESS LIMITED TRADING AS IME HONG KONG,
HK,MIGHTY VANTAGE LIMITED TRADING AS HING YIK SHING,大宇有限公司 營業名稱 興益成
HK,MILLIONS LUCK INTERNATIONAL LIMITED TRADING AS MILLIONS LUCK MONEY EXCHANGE,寶鼎集團國際有限公司 營業名稱 寶鼎貨幣兌換店
HK,MING SHING MONEY EXCHANGE AND REMITTANCE COMPANY,銘誠找換滙款公司
HK,MING TAT TECHNOLOGY DEVELOPMENT LIMITED TRADING AS MING TAT MONEY EXCHANGE,銘達科技開發有限公司 營業名稱 銘達貨幣兌換
HK,MINIONS MONEY EXCHANGE LIMITED,小黃人找換有限公司
HK,MOHAMMAD IBRAR TRADING AS PAK WORLDWIDE COMPANY,簡志華
HK,MOHAMMAD NADEEM TRADING AS EMAN MOBILE CENTER,王利
HK,"MOHAMMAD, RIAZ TRADING AS FRANKI EXCHANGE CO",
HK,MONEY EXCHANGE RMB LIMITED,森林鳥人民幣找換有限公司
HK,MONEYCHANGERS (HK) LIMITED,
HK,MONEYCORP (HONG KONG) LIMITED,
HK,MONEYGRAM PAYMENT SYSTEMS HONG KONG LIMITED,
HK,MONEYMATCH (HONG KONG) LIMITED,
HK,MONEYNETINT LTD,
HK,MONEYTT (HONG KONG) LIMITED TRADING AS MONEYTT,香港特快匯款有限公司 營業名稱 特快匯款
HK,MPAY LIMITED,全貿通支付服務有限公司
HK,MPHK MANAGEMENT COMPANY LIMITED,
HK,MS SERVICES CENTER LIMITED,
HK,MUHAMMAD-SHUAIB TRADING AS FRANKI FOREX INTERNATIONAL,穆光明
HK,MULTI-NATIONAL ELECTRONIC COMMERCE (HONG KONG) COMPANY LIMITED,跨國通電商科技(香港)有限公司
HK,MUSHTAQ AHMED TRADING AS 786 MONEY EXCHANGE,阿文
HK,NEAT LIMITED,
HK,NETEASE GLOBAL PAY COMPANY LIMITED,
HK,NEVI SINTASARI TRADING AS TOKO ANEKA,陳玲玲 營業名稱 成銘店
HK,NEW UNITED MONEY EXCHANGE LIMITED,金聯找換店有限公司
HK,NG KONG NAAT TRADING AS COM PO REMINBI AND FOREIGN EXCHANGE,吳江鈉 營業名稱 金寶人民幣及外幣找換
HK,NG LAY KING TRADING AS HOI GUN MING JEWELLERY COMPANY,黃麗卿 營業名稱 凱冠銘金行
HK,NG MUI YING TRADING AS FU WING CO,吳梅英 營業名稱 富榮公司
HK,NG SIU BEN TRADING AS 3SING CURRENCY EXCHANGE,伍少斌 營業名稱 三昇聯匯
HK,NGAI HING MONEY EXCHANGE CO LIMITED,毅興外幣找換有限公司
HK,NGAN KA YUK TRADING AS LI FUNG CURRENCY EXCHANGE COMPANY,顏家育 營業名稱 利豐人民幣找換公司
HK,NGAU KEE MONEY CHANGER COMPANY LIMITED,牛記找換有限公司
HK,NICE STAR CORPORATION LIMITED,星益有限公司
HK,NIUM LIMITED,
HK,NOVA2PAY LIMITED,諾華支付有限公司
HK,NTT DATA HONG KONG LIMITED,
HK,"OCEANPAYMENT CO., LIMITED",
HK,OFFSHORE (ASIA) LIMITED,歐福通有限公司
HK,ON TAI MONEY EXCHANGE LIMITED,安泰外幣找換有限公司
HK,ONE TECH SOLUTIONS LIMITED,卓越技術方案有限公司
HK,ONEPIP (HONG KONG) LIMITED,壹萬點(香港)有限公司
HK,ONETRANSACT LIMITED,裕龍數據服務有限公司
HK,ONG WEE MING TRADING AS TREASURE LINK MONEY EXCHANGE COMPANY,王偉民 營業名稱 滙寶找換店
HK,OPENRICE PAYMENT LIMITED,
HK,ORIENT EXCHANGE COMPANY (HK) LIMITED,東方兌換(香港)有限公司
HK,ORIENTAL REMITTANCE EXCHANGE LIMITED,東方匯款找換有限公司
HK,ORIENTAL REMITTANCE LIMITED,東方匯款有限公司
HK,OSMANTHUS TECHNOLOGY LIMITED,
HK,OTT PAY HK LIMITED TRADING AS OTT PAY HK,
HK,OVERSEA CHINESE ASIA LIMITED,華僑亞洲有限公司
HK,OZFOREX (HK) LIMITED,
HK,P2H (HONG KONG) PTE LIMITED TRADING AS PAY2HOME,
HK,PACIFIC ACE FOREX H.K. LIMITED,盈菲國際(外匯)有限公司
HK,PACIFIC EXCHANGE COMPANY LIMITED,
HK,PAK YIK HONG KONG LIMITED,佰億香港有限公司 營業名稱 金盛找換店
HK,PALMY LIMITED,明興盛貿易有限公司
HK,PAN-ASIA PAYMENT COMPANY LIMITED,泛亞收付通有限公司
HK,PANCHUAN TECHNOLOGY COMPANY LIMITED TRADING AS PANCHUAN MONEY EXCHANGE,盤川技術有限公司 營業名稱 盤川找換店
HK,PANPAY HONG KONG LIMITED,泛付香港有限公司
HK,"PASING HONG CO., LIMITED",百誠行有限公司 營業名稱 百誠找換店
HK,PAY N PAY COMPANY LIMITED,
HK,PAYDEAL LIMITED,
HK,PAYEASE TECHNOLOGY (HONG KONG) LIMITED,易智付科技 (香港) 有限公司
HK,"PAYGATE HONG KONG CO., LIMITED",
HK,PAYONEER HONG KONG LIMITED,
HK,PAYSSION INTERNATIONAL LIMITED,派付通國際有限公司
HK,PEOPLE&#39;S RECREATION COMMUNITY COMPANY LIMITED,人民公社有限公司
HK,PERFECT PIONEER TRADING LIMITED TRADING AS DAI SHUN EXCHANGE REMIT,永盛貿易有限公司 營業名稱 大順找換匯款
HK,PFCE LIMITED,專業金源有限公司
HK,PHANG TJHUNG PHIN TRADING AS KAMPUNG KITA,黃仲平
HK,PHANTOM INVESTMENT (HK) LIMITED TRADING AS IDR CEPAT,輝騰投資(香港)有限公司
HK,PHIONG JAN LANG TRADING AS WARUNG MAKMUR,房燕玲 營業名稱 富榮
HK,PHOTON DANCE (HONG KONG) LIMITED,光子躍動(香港)有限公司
HK,PI INSIGHTS LIMITED,漸悟分析有限公司
HK,PING PONG GLOBAL HOLDINGS LIMITED,
HK,PINGPONG GLOBAL TECHNOLOGY LIMITED,
HK,PINOY EXPRESS SERVICES LIMITED,
HK,PIPO (HK) LIMITED TRADING AS PIPO,暢匯(香港)有限公司
HK,PMMAX TECHNOLOGY LIMITED,
HK,PNB GLOBAL REMITTANCE AND FINANCIAL COMPANY (HK) LIMITED,
HK,PO YU INTERNATIONAL MONEY EXCHANGE LIMITED,寶譽國際貨幣找換有限公司
HK,PO YUEN CENTURY LIMITED,寶源世紀有限公司
HK,PO YUEN ENTERPRISE DEVELOPMENT LIMITED,寶源企業發展有限公司
HK,POINT LINK TECHNOLOGY GLOBAL LIMITED,鏈點科技全球有限公司
HK,POLAR PAY LIMITED,極支好有限公司
HK,POLY GOAL TRADING LIMITED TRADING AS HONG SHENG EXCHANGE,寶昇貿易有限公司 營業名稱 宏生找換
HK,POLY SUCCESS DEVELOPMENT LIMITED TRADING AS POLY SUCCESS MONEY EXCHANGE,保成發展有限公司 營業名稱 保成找換
HK,POON LAI WAH TRADING AS PO SING TRADING CO,潘麗華 營業名稱 寶聲貿易公司
HK,POON SAI WAH TRADING AS EAST CHANGE,潘世華 營業名稱 東訊找換
HK,POON YU KUEN TRADING AS HENG HING HONG MONEY EXCHANGE,潘裕權 營業名稱 恆興行人民幣找換行
HK,POONSUPHIRUN CHANAPORN TRADING AS ROCK GROUP CO.,樂高公司
HK,PPTRANSFER LIMITED,澎湃支付有限公司
HK,PREPAID GLOBAL HK LIMITED,
HK,PRIMA EXPRESS LIMITED,
HK,PRIME EXCHANGE LIMITED,
HK,PRIZESMART LIMITED,
HK,PROMEX LIMITED,普域商品市場有限公司
HK,PUI SUK MEI TRADING AS TOKO AYU,貝淑美 營業名稱 美佳東南亞食品
HK,PUN CHUN FA TRADING AS TYCO TRADING COMPANY,潘春花 營業名稱 泰科貿易公司
HK,Q SQUARE COMPANY LIMITED,
HK,QIAN YI TONG LIMITED,遷易通有限公司
HK,QUEEN BEE CAPITAL (HK) LIMITED,蜂皇資本香港有限公司
HK,R2D2 HK LIMITED,
HK,RAINBOW PAY LIMITED,彩虹匯有限公司
HK,RCBC INTERNATIONAL FINANCE LTD,
HK,RCPAY LIMITED TRADING AS RCPAY LIMITED,
HK,REAL SHINE FINTECH LIMITED,瑞盛金融科技有限公司
HK,REAP (REMIT) LIMITED,
HK,RED ROCK PAY LIMITED,
HK,REDFIN LIMITED,
HK,RICH POOL HOLDINGS LIMITED,富泉集團有限公司
HK,RICHLY EVER INTERNATIONAL TRADING LIMITED TRADING AS XIN BAO EXCHANGE REMIT,富裕國際貿易有限公司 營業名稱 信保找換匯款
HK,RNJ  CONSULTING AGENT LIMITED,
HK,"ROBLES, AMELIA T. TRADING AS KMC PUSONG PINOY",
HK,ROCK GROUP COMPANY (HK) LIMITED,樂高找換(香港)有限公司
HK,ROYAL FOREX LIMITED TRADING AS ROYAL FOREX LIMITED,
HK,S &#38; S ENTERPRISES CO.,興亞企業公司
HK,"S.K.S. SUKSES EXPRESS CO., LIMITED",
HK,SAI YAU KEE WORLDWIDE COMPANY LIMITED,西遊記環球有限公司
HK,SANG SANG MONEY EXCHANGE LTD,生生外幣找換有限公司
HK,"SANGUYO, ELENA P. TRADING AS MABUHAY TRADING COMPANY",歡迎貿易公司
HK,SANTOS MARITES P TRADING AS TESSIE AT STANLEY,
HK,SECRET RISE ELECTRONIC TECHNOLOGY LIMITED TRADING AS XIN BAO EXCHANGE,鴻升電子科技有限公司 營業名稱 信保找換
HK,SHAE INTERNATIONAL LIMITED,
HK,SHAN ZHI ASIA LIMITED,善枝亞洲有限公司
HK,SHEEN INTERNATIONAL LIMITED,信來國際有限公司
HK,SHEN BINGJUN TRADING AS SHUN FAT RMB EXCHANGE SHOP,沈冰君 營業名稱 順發人民幣找換行
HK,SHENG EN FOREIGN EXCHANGE LIMITED TRADING AS SHENG EN FOREIGN EXCHANGE LIMITED,盛恩外幣兌換有限公司 營業名稱 盛恩外幣兌換有限公司
HK,SHENGYANG EXCHANGE LIMITED,勝陽找換有限公司
HK,SHING FENG MONEY EXCHANGE COMPANY LIMITED,盛豐外幣找換有限公司
HK,SHING KEE MONEY EXCHANGE LIMITED,成記找換有限公司
HK,SHING SHUN CURRENCY EXCHANGE LIMITED,誠信貨幣兌換有限公司
HK,SHING SHUN MONEY EXCHANGE COMPANY LIMITED TRADING AS SHING SHUN MONEY EXCHANGE,誠信兌匯有限公司 營業名稱 誠信兌匯
HK,SHINGSHUN FINANCIAL (HK) LIMITED TRADING AS SHING SHUN FOREIGN CURRENCY EXCHANGE CO.,誠信金融（香港）有限公司 營業名稱 誠信人民幣找換兌匯
HK,"SHK INVESTMENT (HK) CO., LIMITED",世和佳投資(香港)有限公司
HK,SHOPLINE PAYMENTS LIMITED,
HK,SHUN FUNG (HONG KONG) MONEY EXCHANGE LIMITED,順豐(香港)匯兌有限公司
HK,SHUN TAT RMB MONEY EXCHANGE LIMITED,順達人民幣找換有限公司
HK,SHUN TUNG CENTURY LIMITED TRADING AS DONG ZHENG EXCHANGE REMIT,順通世紀有限公司 營業名稱 東正找換匯款
HK,SIGUE GLOBAL SERVICES (HONG KONG) LIMITED,
HK,SILVER EXPRESS INVESTMENT LIMITED TRADING AS SILVER EXPRESS MONEY EXCHANGE,進銀投資有限公司 營業名稱 進銀貨幣兌換店
HK,SINCERE WEALTH INTERNATIONAL COMPANY LIMITED TRADING AS TAI KAM SHING RENMINBI EXCHANGE CO.,富誠行國際有限公司 營業名稱 大金城人民幣找換行
HK,SING FAT R.M.B. MONEY EXCHANGE,昇發人民幣找換行
HK,"SING KING INVESTMENT MANAGEMENT CO., LIMITED",盛景投資管理有限公司
HK,SING YUEN APAC LIMITED TRADING AS RBE,勝源亞太有限公司 營業名稱 彩虹找換店
HK,SINGAPORE EXCHANGE COMPANY LIMITED,
HK,SINGH EXCHANGE LIMITED,
HK,SINGX (HK) CO LIMITED,昇毅香港有限公司
HK,SINO ALLIED (HK) LIMITED,華融(香港)有限公司
HK,SINO WESTERN SILVER LIMITED TRADING AS SINO WESTERN SILVER MONEY TRANSFER,華夏西銀有限公司 營業名稱 華夏西銀匯款
HK,SINOWAY (CHINA) RENMINBI EXCHANGE LIMITED,中國華通人民幣找換有限公司 營業名稱 中國華通人民幣找換
HK,SKY MOON LIMITED TRADING AS CHUNG YING REMINBI EXCHANGE CO.,天月有限公司 營業名稱 中英人民幣找換行
HK,SKYEE HONGKONG COMPANY LIMITED,收款易香港有限公司
HK,SMALL GIRL MONEY EXCHANGE LIMITED,小女孩找換有限公司
HK,SMOOTH ACCESS CORPORATION LIMITED,都順有限公司
HK,SO SIU CHOR TRADING AS C.K.M. REMINBI &#38; FOREIGN EXCHANGE CO.,蘇少初 營業名稱 中港澳人民幣外幣找換行
HK,SO SIU HA TRADING AS BEST FOREX COMPANY,蘇少霞 營業名稱 佳滙找換公司
HK,SO WAI YU TRADING AS KMART TAIWAN,蘇惠茹 營業名稱 台灣柑仔店
HK,SPEED TRADE LIMITED,匯速有限公司
HK,SRIKANDI FOOD COMPANY LIMITED TRADING AS TOKO SRIKANDI,印豪食品有限公司
HK,STARTUPR BOOKS LIMITED TRADING AS CHEQLY,
HK,STATRYS LIMITED,
HK,STERLING PAYMENT SERVICES LIMITED,
HK,SUCCESS MAX TRADING LIMITED,盛裕達貿易有限公司
HK,SUN DA EXCHANGE COMPANY LIMITED,迅達找換匯款有限公司
HK,SUN FUNG FOREIGN EXCHANGE COMPANY LIMITED TRADING AS SAM HING HONG EXCHANGE AND REMITTANCE COMPANY,新豐外幣找換有限公司 營業名稱 三興行找換滙款公司
HK,SUN HING FOREIGN CURRENCY EXCHANGE COMPANY LIMITED,新興外幣找換有限公司
HK,SUN HUNG KAI FOREX LIMITED TRADING AS EBSHK FOREX,新鴻基外匯有限公司 營業名稱 光大新鴻基外匯
HK,"SUNING FINANCIAL SERVICES (HONG KONG) CO., LIMITED",蘇寧金融服務（香港）有限公司
HK,SUNNY GOLDEN CORPORATION LIMITED TRADING AS KAM SHING RENMINBI EXCHANGE CO,金鍠有限公司 營業名稱 金城人民幣找換行
HK,SUNRATE SOLUTIONS LIMITED,
HK,"SUNTONE TECHNOLOGY CO., LIMITED",索圖科技技術有限公司
HK,SURE SUCCESS (CHINA) LIMITED TRADING AS MOST LUCKY MONEY EXCHANGE,保成(中國)有限公司 營業名稱 匯展找換行
HK,SURE WELL SERVICES LIMITED,瑞威服務有限公司
HK,SUROYO RIDA RIANI TRADING AS TOKO SINAR INDO,葉晴
HK,SWIVEL TRADING LIMITED TRADING AS SWIVEL REMITTANCE,盈躍貿易有限公司 營業名稱 盈躍找換店
HK,SZE WAI MING TRADING AS BRILLIANCE FOREX EXCHANGE,施偉明 營業名稱 益豐人民幣及外幣找換店
HK,SZE YEUNG CHING TRADING AS MONEYEXCHANGE,施養正 營業名稱 萬源找換店
HK,T.SILVER MONEY EXCHANGE COMPANY LIMITED,泰銀找換有限公司
HK,TAI ON RMB REMITTANCE COMPANY LIMITED,泰安人民幣滙款有限公司
HK,TAI SHING LEE VICTOR TRADING AS LUCKY REMINBI EXCHANGE FOREIGN CURRENCY CO.,戴勝利 營業名稱 幸運人民幣找換匯款
HK,TAK LEE MONEY CHANGER LIMITED,德利找換有限公司
HK,TAM PUI KI TRADING AS GOLD WAN MONEY EXCHANGE COMPANY,譚佩琪 營業名稱 金運兌換店
HK,"TAM, FUNG YEE TRADING AS SHUN FAT EXCHANGE COMPANY",譚鳯儀 營業名稱 順發找換公司
HK,TAN CHEUNG CHING YOUNG TRADING AS FILMART JJ,陳長青
HK,TANG CHING FAT ALFRED TRADING AS CHINA MAX ASIA PACIFIC CO.,鄧正發 營業名稱 中沛亞太公司
HK,TANG LAI PING TRADING AS LUEN FUNG CURRENCY EXCHANGE CO,鄧麗萍 營業名稱 聯豐人民幣找換行
HK,TARGETWORLD DEVELOPMENT LIMITED,泰和發展有限公司
HK,TBC TRADING LIMITED,
HK,"TCL FINANCE (HONG KONG) CO., LIMITED",
HK,TCM SOLUTIONS LIMITED,
HK,TEAM EXPRESS LIMITED,通滙有限公司
HK,TEEKASATHIAN MONGKOLCHAI TRADING AS THAI FRIEND,泰友營
HK,TELY LIMITED,特里有限公司
HK,THAI GREAT RICH LIMITED,泰富貴有限公司
HK,THE CORE FX LIMITED,核聚外匯有限公司
HK,THE DOLLAR LIMITED,多利事有限公司
HK,THEN FUI LIE TRADING AS SUKSES,鄧蕙莉
HK,TIEN YAT DEVELOPMENT LIMITED,天一發展有限公司 營業名稱 天一兌換
HK,TIN WAH MAN TRADING AS ALMIGHTY GLOBAL COMPANY,田華民
HK,TING KA MAN TRADING AS PO WU FOREIGN EXCHANGE,丁加民 營業名稱 寶湖外幣找換店
HK,TJHANG NAM SONG TRADING AS WARUNG MAKMUR,鄭南嫦 營業名稱 富榮
HK,"TJHIN, WAHYUDI CHANDRA TRADING AS CHANDRA",陳清華
HK,TML REMITTANCE CENTER LIMITED,
HK,TO SHI KWAN TRADING AS CHINA &#38; H.K RENMINBI EXCHANGE CO,杜仕群 營業名稱 中港人民幣找換行
HK,TO TING PING TRADING AS TUNG KEE MONEY EXCHANGE CO.,杜定秉 營業名稱 東記人民幣找換公司
HK,TOMEX BIZ LIMITED,同得匯業有限公司
HK,TONG KI ON TRADING AS WIDE WEALTH MONEY EXCHANGE,唐祈安 營業名稱 廣匯兌換店
HK,TONG YUET SIM TRADING AS ASIA FOOD (T-TOWN),湯月嬋
HK,TONY FOREIGN EXCHANGE CO LIMITED,通利外幣找換有限公司
HK,TOP PAY FINANCIAL TECHNOLOGY LIMITED,鼎集金融科技有限公司
HK,TOPBUN UNIVERSAL ASSET CO LIMITED,拓本環球資產有限公司 營業名稱 匯盈香港
HK,TOYO GLOBAL INVESTMENT LIMITED,東洋環球投資有限公司
HK,TRADE BEST EXCHANGE LIMITED TRADING AS TRADE BEST EXCHANGE,佳兌找換匯款有限公司 營業名稱 佳兌找換匯款
HK,TRADE ELEGANT LIMITED TRADING AS SUPREME FOREIGN EXCHANGE CO,丰貿有限公司 營業名稱 卓豐人民幣匯款公司
HK,TRANSFERCLEAR (HK) LIMITED,
HK,TRANSFERMATE HK LIMITED,
HK,TRANSWAP LIMITED,
HK,TRAVEL TAO LIMITED,雲游道有限公司
HK,TRAVELEX CURRENCY EXCHANGE LIMITED,通濟隆外幣找換有限公司
HK,TREASURE CURRENCY EXCHANGE COMPANY LIMITED,財利找換有限公司
HK,TRILLION DEVELOPMENT (HONG KONG) LIMITED,兆億發展(香港)有限公司 營業名稱 兆億外幣兌換
HK,TRUSTWORTHY GLOBAL LIMITED,卓滙環球兌換有限公司
HK,TSANG CHEUNG KWAN TRADING AS WING HUA MONEY EXCHANGE CO,曾祥坤 營業名稱 永華找換公司
HK,TSANG WAI PING TRADING AS MING SHING RMB MONEY EXCHANGE,曾惠萍 營業名稱 明昇人民幣找換店
HK,TSE HOP KWAN TRADING AS SHANG HAI CURRENCY EXCHANGE COMPANY,謝合群 營業名稱 上海找換行
HK,TSE KIN CHUEN TRADING AS WING HING HONG,謝建全 營業名稱 永興行人民幣找換
HK,TSE KWOK SAN TRADING AS FU SAN TO KO INDONESIA,謝國新 營業名稱 富新東南亞雜貨
HK,TSE MEI KING TRADING AS CHUNG TAT MONEY EXCHANGE SHOP,謝美琼 營業名稱 中達找換店
HK,TSE MUI HEUNG TRADING AS CHONG HUI RENMINBI EXCHANGE COMPANY,謝妙香 營業名稱 創滙人民幣找換行
HK,TSE SHUI WAN TRADING AS CENTRAL DOLLAR EXCHANGE,謝瑞雲 營業名稱 中圓人民幣找換店
HK,TSE YEE SHING TRADING AS WEALTH EXCHANGE AND REMITTANCE CENTER,謝以成 營業名稱 滙展找換中心
HK,TSEUNG YIK FONG,蔣益芳 營業名稱 滙溢人民幣找換店
HK,TSOI LAI PING TRADING AS LIAN FA TRADING CO.,蔡麗萍 營業名稱 聯發貿易公司
HK,TSOI SAU CHING TRADING AS LUNG CHEONG EXCHANGE CO,蔡秀貞 營業名稱 龍昌找換公司
HK,TU YIU LUNG TRADING AS KINGDOM EXCHANGE,涂耀龍 營業名稱 國金找換店
HK,TUNG SING COMPANY,東昇公司
HK,UK EXCHANGE CO. LIMITED,
HK,UMPIRE INTERNATIONAL HOLDING LIMITED,安派國際控股有限公司
HK,UNI FOREX LIMITED,
HK,UNION EXCHANGE LIMITED,滙邦找換有限公司
HK,UNISON FOREIGN EXCHANGE LIMITED,裕新找換有限公司
HK,UNITECH FX LIMITED,聯達找換有限公司
HK,UNITED ASIA EXCHANGE LIMITED,
HK,UNITED ELECTRONIC TRADING COMPANY LIMITED,合眾電子貿易有限公司
HK,UNITED EXCHANGE LIMITED,
HK,UNIVERSAL EXCHANGE CENTRE LIMITED,
HK,UNIVERSAL EXPRESS SERVICES LIMITED,
HK,UP UP LIMITED,上上有限公司
HK,UREMIT INTERNATIONAL LIMITED,
HK,USEEPAY LIMITED,香港海泰付科技有限公司
HK,V PLUS GREATER BAY EXCHANGE LIMITED,贏家大灣區找換易有限公司
HK,V-UNITED FOREX LIMITED,
HK,VCAN FINTECH LIMITED,滙創網融科技有限公司
HK,VERDE FINTECH LIMITED,威得金融科技有限公司
HK,VIPAN-KUMAR TRADING AS TRADEWAVES,
HK,WAH KEUNG INVESTMENT TRADING LIMITED TRADING AS CHUNG YING REMINBI EXCHANGE CO.,華強投資貿易有限公司 營業名稱 中英人民幣找換行
HK,WAI HING MONEY EXCHANGE LIMITED,偉興找換店有限公司
HK,WAI SHING (HK) INVESTMENT LIMITED TRADING AS GREAT CITY MONEY EXCHANGE,偉盛(香港)投資有限公司 營業名稱 偉城找換
HK,WALLEX TECHNOLOGIES INTERNATIONAL LIMITED,
HK,WAN GUO GROUP HOLDING LIMITED,萬國集團控股有限公司
HK,WAN LAM CHU,尹林柱 營業名稱 中盛信用人民幣匯款找換行
HK,WAN SHUN ENTERPRISE LIMITED TRADING AS CHAN&#39;S CURRENCY CHANGE,泓信企業有限公司 營業名稱 陳氏換匯
HK,WANG TAT INVESTMENT TRADING LIMITED TRADING AS CHUNG YING REMINBI EXCHANGE CO.,宏達投資貿易有限公司 營業名稱 中英人民幣找換行
HK,"WANSHENG YINGTONG FINANCIAL TECHNOLOGY CO., LIMITED",萬盛贏通金融科技有限公司
HK,WESTERN UNION BUSINESS SOLUTIONS (HONG KONG) LIMITED TRADING AS WESTERN UNION BUSINESS SOLUTIONS,西聯環球商業滙款(香港)有限公司 營業名稱 西聯環球商業滙款
HK,WESTERN UNION ONLINE LIMITED,
HK,WEXWORLD HONGKONG LIMITED,微匯天下香港有限公司
HK,WG COMPANY LIMITED,永盛找換
HK,WHALET LIMITED,易鯨科技有限公司
HK,"WIN MONEY EXCHANGE CO., LIMITED",詠旺找換有限公司
HK,WIN TONE INVESTMENT LIMITED,運通投資有限公司
HK,WIN WIN EXCHANGE LIMITED,有利兑匯有限公司
HK,WINDPAYER TECHNOLOGY LIMITED,風付科技有限公司
HK,WINDSOR PARTNERS LIMITED,
HK,WING FU HONG LIMITED,永富行找換有限公司
HK,WINNER TRADING LIMITED,永豐行貿易有限公司
HK,WIREASE LIMITED,
HK,WIREBARLEY HONG KONG LIMITED,滙寶利香港有限公司
HK,WISE PAYMENTS LIMITED,
HK,WO TRANSFER (HK) LIMITED,
HK,WONG CHUN KAU TRADING AS KAU KEE,王振球 營業名稱 球記
HK,WONG CHUN KWONG TRADING AS TO KO INDONESIA,黃春光 營業名稱 榮發印尼士多雜貨店
HK,WONG KA YIN KATHERINE TRADING AS UNIVERSAL COMPANY,黃家燕
HK,WONG KAM WAH TRADING AS M SOLUTIONS CO,黃錦華
HK,WONG KAN FONG TRADING AS LI YUEN EXCHANGE SHOP,黃間芳 營業名稱 利源人民幣找換行
HK,WONG KATHERINE KA YIN TRADING AS CHINA LINK GLOBAL COMPANY,黃家燕
HK,WONG LEE TRADING AS TOKO ASIA MAKANAN ISTIMEWA,王莉 營業名稱 佳莉東南亞商店
HK,WONG LONG KI TRADING AS PEARL RIVER REMINBI EXCHANGE CO.,黃朗棋 營業名稱 珠江人民幣找換行
HK,WONG MEI WAH TRADING AS KAWAZAKI,黃美華 營業名稱 川崎
HK,WONG SUET HUNG TRADING AS HE YI,黃雪紅 營業名稱 和浥找換店
HK,WONG SUET WA,黃雪華 營業名稱 華昌隆找換店
HK,WONG WAI KIT TRADING AS YUEN HING EXCHANGE,王偉傑 營業名稱 源興找換
HK,WONG WAI NOK GARY TRADING AS KOON FOOK CURRENCY EXCHANGE CO,黃偉諾 營業名稱 冠福人民幣外幣兌匯公司
HK,WONG YIN FAN TRADING AS BILLION LINK MONEY EXCHANGE CO.,黃燕芬 營業名稱 億匯人民幣找換行
HK,WONG YIN MEI TRADING AS SILVER TRADE,黃燕美 營業名稱 銀生行
HK,WONG YING TRADING AS GRAND MONEY EXCHANGE,王莹 營業名稱 嘉亨找換店
HK,WORLD FIRST ASIA LIMITED,
HK,"WORLD PAYMENT SERVICE CO., LIMITED TRADING AS PAYTRADES",匯通國際支付服務有限公司
HK,WORLD SMART TRADING LIMITED,永成貿易有限公司 營業名稱 永成匯
HK,WORLD WIN LIMITED,滙贏有限公司
HK,WORLDREMIT (HONG KONG) LIMITED,
HK,WORLDWIDE ELITE EXPRESS COMPANY LIMITED,怡樂國際貨運(香港)有限公司
HK,WT CHINA HK LIMITED,滙通中港控股有限公司
HK,WTF GROUP LIMITED,
HK,WUI SHEN HON INVESTMENT LIMITED,滙信行投資有限公司
HK,XTRANSFER LIMITED,信匯寶有限公司
HK,XU SHAOLING TRADING AS LEE YUEN RENMINBI EXCHANGE CO.,許少玲 營業名稱 利源人民幣找換行
HK,YAN SAU FONG TRADING AS WIN WIN TRADING CO.,任秀芳 營業名稱 同盈貿易公司
HK,YEUNG WING LOK TRADING AS WING FU CURRENCY EXCHANGE COMPANY,楊荣樂 營業名稱 永富兌換公司
HK,YIDA FINTECH SERVICE LIMITED TRADING AS YIDA MONEY EXCHANGE,壹達金融科技有限公司 營業名稱 壹達找換
HK,YIELD POINT TRADING LIMITED TRADING AS GINLEY EXCHANGE,裕邦貿易有限公司 營業名稱 金利找換
HK,YIM CHI HUNG TRADING AS TOKO INDAH KENCANA,嚴志鴻 營業名稱 晴記
HK,YING CHOI INTERNATIONAL EXCHANGE LIMITED,英財國際找換匯款有限公司
HK,YING GO INTERNATIONAL EXCHANGE LIMITED TRADING AS CHUNG YING REMINBI EXCHANGE CO.,英高國際找換匯款有限公司 營業名稱 中英人民幣找換行
HK,YING JIA GLOBAL GROUP LIMITED,盈佳環球集團有限公司
HK,YINSHENG E-PAY SERVICES (HONGKONG) LIMITED,銀盛支付服務(香港)有限公司
HK,YIP CHIU FAI TRADING AS TOKO MAKMUR,葉照輝 營業名稱 印尼和諧店
HK,YIP HING LIMITED TRADING AS YIP HING EXCHANGE,葉興有限公司 營業名稱 葉興找換
HK,YIP KAM SHING RONALD TRADING AS GOLDSMITH CO,葉錦成 營業名稱 金匠行
HK,YIP KIN FAI TRADING AS WING HING MONEY EXCHANGE CO,葉見輝 營業名稱 永興人民幣找換行
HK,YIU CHI WAI TRADING AS SRI WIJAYA EXPRESS,姚智威
HK,YIU HIU YUNG TRADING AS MATA HARI TOKO INDONESIA,饒曉蓉 營業名稱 僑陽東南亞特產食品
HK,YIU KA MING TRADING AS EASYPASS ASIA,姚家銘 營業名稱 滙通亞洲找換店
HK,YIU YUEN YING TRADING AS HING LEE RENMINBI EXCHANGE COMPANY,姚婉㼆 營業名稱 鑫利人民幣找換行
HK,YOU YUAN (HONG KONG) CO LIMITED,有園（香港）有限公司
HK,YU CHAU LING EMILY TRADING AS UNIVERSAL MONEY EXCHANGE CO.,俞秋伶 營業名稱 匯通人民幣(外幣)找換店
HK,YU CHI MING TRADING AS HENG FUNG FOREIGN CURRENCY (RMB) EXCHANGE CO,譽智明 營業名稱 恒豐人民幣找換公司
HK,YU KA WAI TRADING AS KONG HUI EXCHANGE REMITTANCE CO,尤嘉偉 營業名稱 港滙找換滙款公司
HK,YU KIN HEI TRADING AS GINZA MONEY EXCHANGE,俞建喜 營業名稱 銀座人民幣(外幣)找換店
HK,YU WENFANG,俞文芳 營業名稱 滙誠人民幣找換行
HK,YU XIULING,余秀玲 營業名稱 百達人民幣找換行
HK,YU YEE EXCHANGE LIMITED,如意匯款找換有限公司
HK,YUEN WAN SUNG TRADING AS TAKLEE,袁運崧 營業名稱 得利
HK,YUNG BING TRADING AS KING CHI TRADING CO,容冰 營業名稱 景緻貿易公司
HK,YUSLIWATI TRADING AS JAVA MART,黃曉玲 營業名稱 恆立東南亞食品店
HK,ZENG ZHENQING TRADING AS PO TUNG REMITTANCE COMPANY,曾珍清 營業名稱 寶通滙款公司
HK,ZHANG XIAOQING TRADING AS SHENG YIN EXCHANGE,張曉清 營業名稱 盛銀找換店
HK,ZHANG ZUXIANG TRADING AS SAYA MART COMPANY,張祖香
HK,ZHAO HONGYING TRADING AS YING SHUN MONEY EXCHANGE REMITTANCE CO,趙紅英 營業名稱 盈順找換匯款公司
HK,ZHENXING TECHNOLOGY LIMITED,圳星科技有限公司
HK,ZHOU CRUZAT JIEN PENG TRADING AS HENG SHENG EXCHANGE (REMIT) COMPANY,周展鵬 營業名稱 恒昇找換匯款公司
HK,ZHU QIAOZHEN,朱喬榛 營業名稱 聯興找換匯款公司
HK,ZONYUN GLOBAL LIMITED,眾合云科有限公司
HK,ZOTA PAYMENTS LIMITED,
HK,ZT MARKETS LIMITED,
HK,,亨通找換
SG,$&C XCHANGE CENTRE,
SG,$KY MONEY CHANGER,
SG,12 HRS MONEY EXCHANGER,
SG,A MONEYLINK EXCHANGE,
SG,A WALIMOHAMED BROS,
SG,A.R.J. MONEY CHANGER,
SG,A.R.MONEY EXCHANGE,
SG,ADYEN SINGAPORE PTE. LTD.,
SG,A-EXPRESS REMIT PTE. LTD.,
SG,AGRANI EXCHANGE HOUSE PRIVATE LIMITED,
SG,AHNAAF MONEY EXCHANGE,
SG,AIK YA MONEY CHANGER,
SG,AJS FOREIGN EXCHANGE,
SG,AK MONEY CHANGER & DEPARTMENT STORE,
SG,AKSHA EXCHANGE,
SG,AL AMEEN EXCHANGE,
SG,AL FAHAD TRADING,
SG,AL THASNEEM TRADERS,
SG,AL-ALIF TRADING,
SG,AL-AMAN EXCHANGE,
SG,AL-AMIN TRADING,
SG,ALANKAR INTERNATIONAL PTE LTD,
SG,ALETA PLANET PTE. LTD.,
SG,ALIF & ALIF TRADING PTE. LTD.,
SG,ALIPAY MERCHANT SERVICES PTE. LTD.,
SG,ALIPAY SINGAPORE E-COMMERCE PRIVATE LIMITED,
SG,ALIZIA GIFT HOUSE,
SG,ALIZIA TRADING,
SG,ALL BEST ENTERPRISE PTE. LTD.,
SG,ALLBEST EXCHANGE PTE. LTD.,
SG,AL-NAJIB ENTERPRISE,
SG,ALOFT TECHNOLOGY COMPANY PTE. LTD.,
SG,AMAANATH TRADING,
SG,AMARA HOTEL PROPERTIES PTE LTD ( AMARA HOTEL PROPERTIES PTE LTD tdg as Amara Singapore ),
SG,AMK COLLECTIONS,
SG,AMPLE TRANSFERS PTE. LTD.,
SG,ANNESHAH TRADING,
SG,ANUA GROUP MONEY EXCHANGERS PTE. LTD.,
SG,ARAMEX INTERNATIONAL EXCHANGE PTE. LTD.,
SG,ARCADE MONEY CHANGERS,
SG,ARCADE PLAZA TRADERS PTE LTD,
SG,ARIZA MONEY EXCHANGE,
SG,ASHIQS FOREIGN EXCHANGE,
SG,ASIA ENGRAVING STORE,
SG,ASMART EXCHANGE,
SG,ATT REMIT PTE. LTD.,
SG,ATTRACTION INTERNATIONAL FINTECH PTE. LTD.,
SG,AXS PTE. LTD.,
SG,AZEEZ MONEY CHANGERS,
SG,BABA EXCHANGE,
SG,BABY MONEY CHANGERS,
SG,BATIK EXCHANGE PTE. LTD.,
SG,BEACH ROAD HOTEL (1886) LTD. ( BEACH ROAD HOTEL (1886) LTD tdg as Raffles Hotel Singapore ),
SG,BEST MONEY CHANGER,
SG,BEZ IMPEX PTE LTD ( BEZ IMPEX PTE LTD tdg as JC Global ),
SG,BIGPAY SINGAPORE PTE. LTD.,
SG,BKK FOREX PTE LTD,
SG,BOKU NETWORKS SERVICES SG PTE. LTD,
SG,BOON LAY EXCHANGE PTE. LTD.,
SG,BORNEO PROPERTIES SDN. BHD. ( BORNEO PROPERTIES SDN BHD tdg as Grand Hyatt Singapore ),
SG,BRDGEPAY PTE. LTD.,
SG,BRUC BOND PTE. LTD.,
SG,BUGIS MONEY CHANGER,
SG,CAPITAL CITY TRADING,
SG,CAPITAL FOREX PTE. LTD.,
SG,CAPITOL HOTEL MANAGEMENT PTE. LTD. ( CAPITOL HOTEL MANAGEMENT PTE LTD tdg as The Capitol Kempinski Singapore ),
SG,CARDUP PTE. LTD.,
SG,CEL-ALEXANDRA PTE. LTD. ( CEL-ALEXANDRA PTE LTD tdg as Park Hotel Alexandra ),
SG,CENTRAL EXCHANGE,
SG,CHANDRA COSMETICS PTE. LTD.,
SG,CHANGI TRAVEL EXCHANGE PTE. LTD.,
SG,CHINA MONEY EXCHANGE,
SG,CHYNGE SINGAPORE PTE. LTD.,
SG,CITY MONEYCHANGERS,
SG,CITYPAY SERVICES PTE. LTD.,
SG,CLARENCY SINGAPORE PTE. LTD.,
SG,CLASSIC EXCHANGE,
SG,CLIFFORD GEMS & MONEY EXCHANGE,
SG,COMPASS FOREIGN EXCHANGE,
SG,CP TRADING & CONSULTING SERVICES PTE. LTD.,
SG,CRANTE MONEY CHANGER,
SG,CRESCENT EXCHANGE PTE. LTD.,
SG,CROWN EXCHANGE PTE LTD,
SG,CUPPAGE MONEY CHANGER,
SG,CURRENCYFAIR (SINGAPORE) PTE. LTD.,
SG,CYS GLOBAL REMIT PTE. LTD.,
SG,DAZZLING XCHANGE PTE. LTD.,
SG,DEEN EXCHANGE,
SG,DOLLAR EXCHANGE PTE LTD,
SG,DOLLAR MONEY CHANGER PTE. LTD.,
SG,DOLLAR SMART EXCHANGE,
SG,DOULATH ENTERPRISE,
SG,EAST ASIA FOREX PTE. LTD.,
SG,EASTPOINT MONEYCHANGER,
SG,EBURY PAYMENTS PTE. LTD. ( EBURY PAYMENTS PTE. LTD. tdg as Ebury ),
SG,ECL MONEY CHANGER PTE. LTD.,
SG,E-GLOBEX PTE. LTD.,
SG,ELITE EXCHANGE PRIVATE LIMITED,
SG,EMQ SINGAPORE PTE. LTD.,
SG,ENG LOK MONEYCHANGER,
SG,EVER VICTORY MONEY CHANGER,
SG,EVERBRIGHT MONEY CHANGER,
SG,EVEREST GENERAL STORE,
SG,EVERPEACE MONEY CHANGER PTE LTD,
SG,EVERSHINE EXCHANGE PTE. LTD.,
SG,EXCHANGE INTERNATIONAL PTE LTD,
SG,EXPRESS MONEY EXCHANGE,
SG,EZ-LINK PTE LTD,
SG,FAIRFIELD EXCHANGE,
SG,FAIZAM FOREX PTE. LTD.,
SG,FAIZURA TRADING,
SG,FAJAR STORE,
SG,FAR EAST EXCHANGE,
SG,FAR EAST FLAVOURS & FRAGRANCES PTE. LTD.,
SG,FAR EAST ORGANIZATION CENTRE PTE. LTD. ( FAR EAST ORGANISATION CENTRE PTE LTD tdg as Village Hotel Changi ),
SG,FAST AND SAFE REMITTANCE PTE. LTD.,
SG,FAUZY GIFTS,
SG,FEYAZI MONEY CHANGER,
SG,FIAT TRADING,
SG,FINTECH DECISION PTE. LTD. ( FINTECH DECISION PTE. LTD. tdg as PayOp ),
SG,FIRMAN SHAH INTERNATIONAL EXCHANGE,
SG,FMC TRADING,
SG,FOMO PAY PTE. LTD.,
SG,FONG LAI TRADING,
SG,FOUNTAIN MONEY CHANGER,
SG,FURAMA HOTEL SINGAPORE PTE LTD ( FURAMA HOTEL SINGAPORE PTE LTD tdg as Furama City Centre Singapore ),
SG,FURAMA PTE. LTD. ( FURAMA PTE LTD tdg as Furama Riverfront Singapore ),
SG,FXCHANGE PRIVATE LIMITED,
SG,GCC EXCHANGE (S) PTE. LTD.,
SG,GLOBAL EXCHANGE,
SG,GLOBAL REMITTANCE PTE LTD,
SG,GLOBAL TRADE WALLET (SG) PTE. LTD.,
SG,GOLDEN CITY FOREIGN EXCHANGE,
SG,GOLDEN DRAGON REMITTANCE PTE. LTD.,
SG,GOLDEN HOMES ENTERPRISE,
SG,GOLDEN HORSE PRIZE ENTERPRISE PTE. LTD.,
SG,GOLDEN JINNAH PTE. LTD.,
SG,GOLDMILLION XCHANGE PTE. LTD.,
SG,GOOD DAY TRADING,
SG,GPAY NETWORK (S) PTE. LTD.,
SG,GPL REMITTANCE PTE LTD,
SG,GRAND PARK PROPERTY PTE. LTD. ( GRAND PARK PROPERTY PTE LTD tdg as Grand Park City Hall ),
SG,GREAT EAST ENTERPRISE PTE LTD ( GREAT EAST ENTERPRISE PTE LTD tdg as Great East Forex ),
SG,GREAT EXCHANGE & TRADING,
SG,GREAT STAR EXCHANGE,
SG,GREEN CITY MINIMART,
SG,GREEN POINT MONEY EXCHANGE,
SG,HABIB RAILWAY BOOK STORE,
SG,HAJA T&T TRADING,
SG,HAJI RAHMATHULLAH STORE,
SG,HAMMZ MONEY EXCHANGE,
SG,HAMSHANOOR ENTERPRISE,
SG,HANSHAN MONEY EXPRESS PTE. LTD.,
SG,HARATAN SERVICING PTE. LTD.,
SG,HASAN TRADING MONEY EXCHANGE,
SG,HKI INTERNATIONAL EXCHANGE,
SG,HONG HUAT MONEY CHANGER,
SG,HOTEL MIRAMAR (SINGAPORE) LIMITED,
SG,HOTEL ROYAL @ QUEENS (SINGAPORE) PTE. LTD.,
SG,HOTEL ROYAL LIMITED,
SG,HPL PROPERTIES PTE LTD ( HPL PROPERTIES PTE LTD tdg as Four Seasons Hotel Singapore ),
SG,HUMAYUN'S MONEY CHANGER,
SG,I K I EXCHANGE PTE. LTD.,
SG,IAKABA EXCHANGE PTE. LTD.,
SG,IBAN EXPRESS PTE. LTD.,
SG,IBANERA PRIVATE LIMITED,
SG,INTERNATIONAL AIR TRANSPORT ASSOCIATION,
SG,INTERNATIONAL EXCHANGE CO (SINGAPORE) PTE. LTD.,
SG,INTERNATIONAL REMITTANCE PTE LTD,
SG,I-REMITTANCE SINGAPORE PTE. LTD.,
SG,ISEND PTE. LTD.,
SG,ISHWARYA MONEY CHANGER,
SG,J L UNION GARMENT ENTERPRISE,
SG,JADE EXCHANGE PTE. LTD.,
SG,JAMAL EXCHANGE,
SG,JAMAL KAZURA AROMATICS,
SG,JAMSERAH JAS MONEY CHANGER,
SG,J-DEE REMITTANCE SERVICES PTE. LTD.,
SG,JONG HAP SERVICES & TRADING AGENCY,
SG,JVKM MONEY CHANGER PTE. LTD.,
SG,K S S N FOREIGN EXCHANGE PTE. LTD.,
SG,KABAYAN REMITTANCE PTE. LTD.,
SG,KLIQ PTE. LTD. ( KLIQ PTE. LTD. tdg as eRemit Singapore ),
SG,KOK WEE SIN TEXTILES BATIK & GARMENTS,
SG,KOKILA TRADING & MONEY CHANGER,
SG,KOVICS TRADING SPORE PTE LTD,
SG,LEE KAI TECK TRAVEL SERVICE PTE. LTD.,
SG,LINK HOTELS INTERNATIONAL PTE. LTD.,
SG,LION CITY STORE,
SG,LULU MONEY (SINGAPORE) PTE. LTD.,
SG,M.G.M.FOREIGN EXCHANGE,
SG,MAJEED MONEY CHANGER,
SG,MARINA BAY SANDS PTE. LTD.,
SG,MASTERCARD TRANSACTION SERVICES (SINGAPORE) PTE. LTD.,
SG,MATCHMOVE PAY PTE. LTD.,
SG,MAXI MONEY EXCHANGE,
SG,MAYURA MONEY CHANGER,
SG,M-DAQ CASHPORT PTE. LTD.,
SG,MEGA STARMINIMART,
SG,METRO REMITTANCE SINGAPORE PTE. LTD.,
SG,MFS TRADERS,
SG,MIJ MONEY CHANGER,
SG,"MILLENIA HOTEL PRIVATE LIMITED ( MILLENIA HOTEL PRIVATE LIMITED tdg as Capella Hotel, Singapore )",
SG,MILLENIA PRIVATE LIMITED ( MILLENIA PRIVATE LIMITED tdg as Conrad Centennial Singapore ),
SG,MILLENNING PTE. LTD.,
SG,MILLION DOLLAR EXCHANGE,
SG,MITRA FOREX PTE. LTD.,
SG,MOBILE COMMUNITY TECH PTE. LTD. ( MOBILE COMMUNITY TECH PTE. LTD. tdg as MCT Pay ),
SG,MOBILE CREDIT PAYMENT PTE. LTD.,
SG,MOHAMED THAHIR EXCHANGE PTE. LTD.,
SG,MONEY MATTERS FOREIGN EXCHANGE,
SG,MONEY SUPPLY PTE. LTD.,
SG,MONEYCIERGE PTE. LTD. ( MONEYCIERGE PTE. LTD. tdg as JUFU Remittance ),
SG,MONEYGRAM INTERNATIONAL PTE. LTD.,
SG,MONG LEE ENTERPRISE PTE LTD,
SG,MONISHA EXCHANGE,
SG,MOUNT FABER LEISURE GROUP PTE. LTD.,
SG,MUHAMMED ENTERPRISE,
SG,MUSFIRAH TRADING,
SG,MUSTAFA FOREIGN EXCHANGE PTE. LTD.,
SG,MYDEEN ENTERPRISE,
SG,NAI NGUAN REMITTANCE SERVICE PTE. LTD.,
SG,NALLUR STORE,
SG,NBL MONEY TRANSFER PTE. LTD.,
SG,NEW STAR EXCHANGE PTE. LTD.,
SG,OFX SINGAPORE PTE. LIMITED,
SG,OIS BIZCRAFT PTE. LTD.,
SG,ONEPIP (SINGAPORE) PTE. LTD.,
SG,OPAL FINTECH PTE. LTD. ( OPAL FINTECH PTE. LTD. tdg as Opal ),
SG,ORCHARD GRAND COURT PTE LTD,
SG,ORCHID HOTEL PRIVATE LIMITED,
SG,PACIFIC EXCHANGE PTE. LTD.,
SG,PARK REGIS INVESTMENTS PTE. LTD. ( PARK REGIS INVESTMENTS PTE. LTD. tdg as Park Regis Singapore ),
SG,PAYGO INTERNATIONAL PTE. LTD.,
SG,PAYLINKS PTE. LTD.,
SG,PEOPLE'S CORNER MONEY CHANGER,
SG,PEOPLE'S PARK CENTRE MONEY CHANGER,
SG,PLAZA GEMS CO PTE. LTD.,
SG,PRECIOUS QUAY PTE. LTD. ( PRECIOUS QUAY PTE. LTD. tdg as The Fullerton Bay Hotel ),
SG,PRECIOUS TREASURE PTE LTD ( PRECIOUS TREASURE PTE LTD tdg as The Fullerton Hotel ),
SG,PRIME EXCHANGE CO. PTE. LTD.,
SG,PRINCE XCHANGE PTE. LTD.,
SG,PUNGGOL EXCHANGE,
SG,QQ PAY PTE. LTD.,
SG,R T NATHAN DRUG STORE,
SG,RABI TRADING,
SG,RADS EXCHANGE PTE. LTD.,
SG,RAFFLES MONEY CHANGE PTE LTD,
SG,RAHIM MONEY CHANGER,
SG,RAHIM TRADERS,
SG,RAHIMAN TRADING,
SG,RAHMAN FOREIGN EXCHANGE,
SG,RAPYD HOLDINGS PTE. LTD.,
SG,RASHA TRADERS,
SG,RAZER MERCHANT SERVICES (SG) PTE. LTD.,
SG,RAZIA DRUG STORE,
SG,"RCMS PROPERTIES PRIVATE LIMITED ( RCMS PROPERTIES PRIVATE LIMITED tdg as The Ritz-Carlton, Millenia Singapore )",
SG,REDIMONEY EXPRESS PTE. LTD.,
SG,REGENT MONEY CHANGER PTE LTD,
SG,REMITLY SINGAPORE PTE. LTD.,
SG,REMSEA PTE. LTD.,
SG,REPUBLIC HOTELS & RESORTS LIMITED ( REPUBLIC HOTELS & RESORTS LIMITED tdg as Grand Copthorne Waterfront Hotel Singapore ),
SG,RESHONG CORPORATION PRIVATE LIMITED,
SG,RESORTS FOREIGN EXCHANGE,
SG,RESORTS WORLD AT SENTOSA PTE. LTD.,
SG,RIA FINANCIAL SERVICES SINGAPORE PTE. LTD.,
SG,RICHVEIN PTE LTD ( RICHVEIN PTE LTD tdg as Sheraton Towers Singapore Hotel ),
SG,RIGHT CHOICE PAYMENTS PTE. LTD.,
SG,RISING MONEY EXCHANGE PTE. LTD.,
SG,RIYAZ EXCHANGE TRADING,
SG,ROSEMIN STORE,
SG,ROYAL GROUP DEVELOPMENT PTE. LTD. ( ROYAL GROUP DEVELOPMENT PTE LTD tdg as The Singapore Resort & Spa ),
SG,ROYAL GROUP HOLDINGS PTE. LTD. ( ROYAL GROUP HOLDINGS PTE LTD tdg as Sofitel SO Singapore ),
SG,S ABDUL HAMID,
SG,SAIF MONEY CHANGER,
SG,SAJAHTERA INVESTMENTS (SINGAPORE) PTE LIMITED ( SAJAHTERA INVESTMENTS (SINGAORE) PTE LIMITED tdg as Royal Plaza ),
SG,SAKR IMPEX INTERNATIONAL,
SG,SALVA'S FOREIGN EXCHANGE,
SG,SAMLIT MONEYCHANGER PTE. LTD.,
SG,SANGAM EXCHANGE,
SG,SAPPHIRE EXCHANGE,
SG,SARMUS EXCHANGE & TRADING,
SG,SEACARE HOSPITALITY PTE. LTD. ( SEACARE HOSPITALITY PL tdg as The Seacare Hotel ),
SG,SENTBE PTE. LTD.,
SG,SHAFEEK EXCHANGE,
SG,SHAMIHA MONEY CHANGER,
SG,SHAN GEMS,
SG,SHANGRI-LA HOTEL LIMITED,
SG,SHEEN INTERNATIONAL EXCHANGE,
SG,SHENTON 2000 EXCHANGE,
SG,SHENTON MONEY EXCHANGER PTE. LTD.,
SG,SHINING MONEY EXCHANGE PTE. LTD.,
SG,SIA EXCHANGE,
SG,SIGNORAA MONEY EXCHANGE,
SG,SILVER RIVER MONEY CHANGER,
SG,SIMLIM EXCHANGE&TRADING,
SG,SINEO ENTERPRISES PTE LTD,
SG,SING EXCHANGE,
SG,SINGA EXCHANGE PRIVATE LIMITED,
SG,SINGAPORE E-BUSINESS PTE. LTD.,
SG,SINGLIFE FINANCIAL PTE. LTD.,
SG,SINO MONEYCHANGER PTE. LTD.,
SG,SIR MONEY CHANGER PTE. LTD.,
SG,SIRADJ EXCHANGE,
SG,SIRAJUDIN MONEY CHANGER,
SG,STEADFAST MONEY TRANSFER PTE. LTD.,
SG,STERLING EXCHANGE & TRADING,
SG,STONE FOREST ACCOUNTSERVE PTE LTD,
SG,STRAITS FOREIGN EXCHANGE,
SG,SULTAN ENTERPRISE,
SG,SWIFT EXCHANGE,
SG,TAISEI MONEY-CHANGER PTE LTD,
SG,TAQWA FOREIGN EXCHANGE PTE. LTD.,
SG,TELCOIN PTE. LTD.,
SG,TEXCENT SINGAPORE PAYMENT OPERATORS PTE. LTD.,
SG,THAITHANAWAT SONG PTE. LTD.,
SG,THAY HOA FOREIGN EXCHANGE PTE. LTD.,
SG,THE BIG EXCHANGE PTE. LTD.,
SG,THE LEGENDS FORT CANNING PARK PTE. LTD. ( THE LEGENDS FORT CANNING PARK PTE. LTD. tdg as Hotel Fort Canning ),
SG,THIN MARGIN PRIVATE LIMITED,
SG,THOMSON MONEY EXCHANGE,
SG,THUNDERBIRDS VENTURES PRIVATE LIMITED,
SG,THUNES ASIA PRIVATE LIMITED,
SG,TIME EXCHANGE PTE. LTD.,
SG,TNT DEVELOPMENT PTE LTD ( TNT DEVELOPMENT PTE LTD tdg as Robertson Quay Hotel ),
SG,TOA PAYOH CENTRAL GOLD HALL,
SG,TOAST ME PTE. LTD.,
SG,TODAY'S MONEY EXCHANGE,
SG,TOH SOON SHENG,
SG,TOMLINSON HOTEL PTE. LTD. ( TOMLINSON HOTEL PTE. LTD. tdg as St. Regis Hotel Singapore ),
SG,TONG FONG MONEY CHANGER,
SG,TOP XCHANGE,
SG,TRADERS HOTEL MANAGEMENT PTE. LTD. ( TRADERS HOTEL MANAGEMENT PTE LTD tdg as Jen Singapore Orchardgateway by Shangri-La ),
SG,TRADEX 19,
SG,TRANSFERMATE PTE. LTD.,
SG,TRANSWAP PRIVATE LIMITED,
SG,TRAVELEX HOLDINGS (S) PTE LTD,
SG,TRAXX PAYMENTS PTE. LTD.,
SG,TRIPLE A TECHNOLOGIES PTE. LTD. ( TRIPLE A TECHNOLOGIES PTE. LTD. tdg as TripleA ),
SG,TRIPLE STAR EXCHANGE,
SG,TRUE BLUE MONEY CHANGER,
SG,TWO-WAY EXCHANGE,
SG,Uni Development Pte. Ltd.,
SG,UNIQUE MONEY CHANGER,
SG,UNITED STARS PTE. LTD.,
SG,UNIVERSAL MONEY XPRESS PTE. LTD.,
SG,V.I.P. EXCHANGE,
SG,VALUE EXCHANGE,
SG,VESTIN EXCHANGE PTE. LTD.,
SG,VICTORIA GLORY PTE. LTD. ( VICTORIA GLORIA PTE LTD tdg as Hotel Grand Pacific ),
SG,VIMLOGY PTE. LTD. ( VIMLOGY PTE. LTD. tdg as Vim Remit ),
SG,VISION EXCHANGE,
SG,VS EXCHANGE PTE. LTD.,
SG,WALLEX TECHNOLOGIES PTE. LTD.,
SG,WANDR PTE. LTD.,
SG,WANG MONEY CHANGER,
SG,WEALTHGATE INTERNATIONAL TRADING PTE LTD,
SG,WESTERN UNION BUSINESS SOLUTIONS (SINGAPORE) PTE. LTD.,
SG,WESTERN UNION GLOBAL NETWORK PTE LTD,
SG,WHALET PTE. LTD.,
SG,WISDOM INTERNATIONAL CAPITAL PTE. LTD.,
SG,WORLDREMIT (SINGAPORE) PTE. LTD.,
SG,WTSG PTE. LTD.,
SG,XENDIT REMITTANCE SINGAPORE PTE. LTD.,
SG,XFERS PTE. LTD.,
SG,XINZHONG REMITTANCE PTE. LTD.,
SG,YAKADIR PTE. LTD.,
SG,YES BEE TRADERS,
SG,YES! XCHANGE,
SG,YTC HOTELS LTD ( YTC HOTELS LTD tdg as Peninsula Excelsior Hotel ),
SG,YUEN LAI MONEY CHANGER,
SG,YUNOS MONEY CHANGER & TRADING,
SG,ZELIFRASINAH MART,
SG,ZEROEX PTE. LTD.,
SG,ZHONGGUO REMITTANCE PTE. LTD.,
